did,attr_conc.mean,attr_conc.sd,attr_ent.mean,attr_ent.sd,attr_to_inst,best_node.mean,best_node.sd,c1,c2,cat_to_num,class_conc.mean,class_conc.sd,class_ent,cls_coef,cor.mean,cor.sd,cov.mean,cov.sd,density,eigenvalues.mean,eigenvalues.sd,elite_nn.mean,elite_nn.sd,eq_num_attr,f1.mean,f1.sd,f1v.mean,f2.mean,f3.mean,f4.mean,freq_class.mean,freq_class.sd,g_mean.mean,g_mean.sd,gravity,h_mean.mean,h_mean.sd,hubs.mean,hubs.sd,inst_to_attr,iq_range.mean,iq_range.sd,joint_ent.mean,joint_ent.sd,kurtosis.mean,kurtosis.sd,l1.mean,l2.mean,l3.mean,leaves,leaves_branch.mean,leaves_branch.sd,leaves_corrob.mean,leaves_corrob.sd,leaves_homo.mean,leaves_homo.sd,leaves_per_class.mean,leaves_per_class.sd,linear_discr.mean,linear_discr.sd,lsc,mad.mean,mad.sd,max.mean,max.sd,mean.mean,mean.sd,median.mean,median.sd,min.mean,min.sd,mut_inf.mean,mut_inf.sd,n1,n2.mean,n2.sd,n3.mean,n3.sd,n4.mean,n4.sd,naive_bayes.mean,naive_bayes.sd,nodes,nodes_per_attr,nodes_per_inst,nodes_per_level.mean,nodes_per_level.sd,nodes_repeated.mean,nodes_repeated.sd,nr_attr,nr_bin,nr_cat,nr_class,nr_cor_attr,nr_inst,nr_norm,nr_num,nr_outliers,ns_ratio,one_nn.mean,one_nn.sd,random_node.mean,random_node.sd,range.mean,range.sd,sd.mean,sd.sd,skewness.mean,skewness.sd,sparsity.mean,sparsity.sd,t1,t2,t3,t4,t_mean.mean,t_mean.sd,tree_depth.mean,tree_depth.sd,tree_imbalance.mean,tree_imbalance.sd,tree_shape.mean,tree_shape.sd,var.mean,var.sd,var_importance.mean,var_importance.sd,worst_node.mean,worst_node.sd,imbalance_ratio,minority_fraction,class_entropy_norm
44,0.05278588871311308,0.11592466200989754,1.0707832017592211,0.9093748077702897,0.0285,0.771,0.02354664401659917,0.9703626255019487,0.07840861487849782,0.0,0.050321525816083984,0.042769585519551206,0.9703626255019487,0.48687753985390003,0.06052127764652449,0.09337554540363412,53.54787049118215,1956.5954551775426,0.829392196098049,9073.20991433999,62237.85628681541,0.7505000000000001,0.02586825596492094,12.821297426279362,0.9660066982926083,0.033370999404473786,0.14917451542413085,0.0,0.863,0.4515,0.5,0.14283556979968257,2.2119800928502666,14.187907671740083,318.590190468888,0.8277966737877934,5.078887856666188,0.7388648614905692,0.25808278640152976,35.08771929824562,5.246254385964912,33.53259630240573,1.9654621742548033,0.8695787230311419,217.75880269185308,296.2814057699462,0.061805284480768496,0.06599999999999995,0.025499999999999967,145.0,12.682758620689656,5.885131274231912,0.006896551724137931,0.026916917991068948,7553842.270562797,21658801.98583615,0.5,0.08290217434600904,0.8845000000000001,0.0193577432109795,0.992172,2.4931999842105266,16.20071444145786,474.5440350877193,2457.988495101809,6.401235877192983,39.69158009264369,2.1977105263157894,14.13776322381813,0.05263157894736842,0.2252817784447915,0.07568365300636663,0.06867713810593841,0.2035,0.3400627350376644,0.17419420817929399,0.114,0.3178907473702747,0.3125,0.4636283270172417,0.835,0.017638342073763937,144.0,2.526315789473684,0.072,6.0,2.919201796799047,3.3488372093023258,2.6715763220048174,57.0,0.0,0.0,2.0,0.012531328320802004,2000.0,0.0,57.0,57.0,13.148143743393902,0.778,0.027100635498903795,0.601,0.002108185106778922,474.4914035087719,2457.806342122976,17.20905818568743,94.51873577969985,10.735022434150752,7.3500592783616385,0.008708477366527679,0.00799097953791411,0.3655,0.0285,0.001,0.03508771929824561,2.7687655116959067,17.641183443777894,11.730103806228374,5.999116861187724,0.04021537272403697,0.07833941747737051,0.034233205893944046,0.0661920638645197,9073.20991433999,60459.18366489585,0.017543859649122806,0.0490553148488771,0.6084999999999999,0.01546501427954941,1.5074449076831447,0.398812351543943,0.9702516237942773
820,0.2303102355283402,0.09628625516134265,2.584753573810202,0.00015608725921927434,0.05106382978723404,0.876449275362319,0.0434430211455924,0.9684069022981412,0.0833304411203275,0.0,0.09411691590236403,0.03069755897490209,0.9684069022981412,0.34482625780106324,0.7487009972293168,0.26898669299858224,1436.1083916331897,450.9430582632253,0.8497181305691944,2110.24119485361,5271.866170427355,0.7867753623188406,0.05474925551749066,2.350099997831584,0.5715701539007957,0.14516616443925465,0.14209540428560366,4.745098322262748e-05,0.3702127659574468,0.10638297872340426,0.5,0.14743928628996095,155.3971516512453,538.3115240228854,201.18511752190255,155.2942624272147,537.9551052957409,0.7422324187800304,0.31092640950437606,19.583333333333332,63.225,17.246626811166188,3.1410899671122663,0.14503257886975635,0.6500205924544434,0.8089270970440576,0.060745239020572384,0.06808510638297871,0.051063829787234005,21.0,5.714285714285714,2.052872551885702,0.047619047619047616,0.10397808599797706,335.68253968253964,349.96996817489736,0.5,0.03367175148507373,0.8344202898550724,0.06767704732565981,0.8815391579900408,46.022375000000004,13.156763501221096,358.425,512.0820568566579,202.473085106383,523.8760025420735,194.04999999999995,526.5303159708504,145.75,504.8928104063277,0.4120705089960774,0.14499440857496712,0.23404255319148937,0.3636601219501278,0.13719996718129376,0.14893617021276595,0.3567854705235669,0.3191489361702128,0.4671418358670517,0.8717391304347826,0.05461421562851185,20.0,1.6666666666666667,0.0851063829787234,2.2222222222222223,0.97182531580755,2.0,1.699673171197595,12.0,0.0,0.0,2.0,0.8333333333333334,235.0,0.0,12.0,11.0,5.272600240447703,0.8552536231884058,0.049571741173065086,0.8382246376811594,0.04794587119777884,212.67500000000004,23.02027268616631,45.410321076753256,7.247113624292515,0.9747052051933672,0.3350888175135991,0.000545517152785959,0.0001990564141884727,0.4595744680851064,0.05106382978723404,0.01702127659574468,0.3333333333333333,195.21773049645387,526.1607461753571,4.878048780487805,2.2604769624043892,0.10173032182829739,0.11471461514857291,0.15569196428571427,0.14548899162196166,2110.24119485361,800.2887786670468,0.08333333333333333,0.20005699888430312,0.7440217391304349,0.09837269755364995,1.5268817204301075,0.39574468085106385,0.9684069022981412
879,0.01714063370421641,0.029801283478391446,2.8073203201603487,0.0,0.05,0.7420000000000001,0.05452828012447607,0.9660780975952254,0.08915250091720683,0.0,0.007140529265893959,0.017261878955853904,0.9660780975952254,0.6654448262695686,0.04091957355886384,0.0783946104776986,0.04091957608479382,0.07839461543461895,0.8929539078156312,1.0000000618363911,0.4415779013097214,0.6900000000000001,0.0402768199119819,28.854162480598287,0.9904716167251822,0.021059235619872697,0.5546483556463653,0.6715157452512086,0.98,0.774,0.5,0.15273506473629425,33.94240280055384,42.919854841530764,0.9987345504563462,20.85114911401692,33.16568217430029,0.7405944200337653,0.2348198091692833,20.0,1.69043332,0.08668184576280348,3.7399170059057307,0.0832820998165945,-1.1176203514953633,0.3102424931135385,0.16422856780759298,0.31200000000000006,0.31200000000000006,46.0,6.695652173913044,2.074925061215907,0.021739130434782608,0.055943795121178426,1430.8906204906202,1944.5332797062329,0.5,0.09223131928520183,0.618,0.06892830413633508,0.993488,1.2578432070119998,0.0840856295467989,1.7971726799999999,0.32102077616406177,-8.000000017105434e-10,1.2328828007391098e-08,-0.01628008,0.05802124392907021,-1.78592672,0.14989690368564434,0.03348141184984392,0.08328209981659448,0.484,0.4880182323061384,0.02955327866487104,0.354,0.4786880869304544,0.284,0.4513884170047034,0.7,0.04216370213557838,45.0,1.8,0.09,4.090909090909091,2.4271195048676715,2.25,1.51744244666721,25.0,0.0,0.0,2.0,0.013333333333333334,500.0,0.0,25.0,1.0,82.84713084234633,0.63,0.08498365855987976,0.608,0.010327955589886454,3.5830994,0.4396550747250622,1.0000000309181951,1.2944110629932457e-08,0.027188466143607627,0.18355761884676197,0.0,0.0,1.0,0.05,0.044,0.88,-0.005455885066666669,0.037025442217401235,5.78021978021978,2.3795527021419516,0.09193115403649889,0.10976543317599419,0.10141389266304347,0.09184712475486366,1.0000000618363911,2.58882221273541e-08,0.04000000000000001,0.0915863822371501,0.604,0.029514591494904863,1.5510204081632653,0.392,0.9660780975952254
811,-7.271645417682473e-08,1.0131678174371539e-09,2.57879308230816,0.00872487519161341,0.007575757575757576,0.7360398860398861,0.2897342750073613,0.9598409038372531,0.10454174598857768,0.0,0.06681114904903976,0.007397276627968198,0.9598409038372531,0.3293708268977662,0.0,0.18343896937826648,0.0,104.3834001280386,0.8672658140338749,26.182509505703422,20.11086967024858,0.4864672364672365,0.2667046861721152,3.2521307791454426,0.8374619235231592,0.2168430093896539,0.3305959122054423,0.5194805194805195,0.7272727272727273,0.5454545454545454,0.5,0.1660629561877498,994.7449421632288,1406.7817883092782,7.368039119824701,994.7398843112811,1406.7746354264573,0.6975057314606531,0.32584046571857617,132.0,8.25,3.8890872965260113,3.2434918258140044,0.031216283547541194,-1.2244043791328645,0.008290784674603584,0.13562694630471028,0.2537878787878788,0.21212121212121215,21.0,5.714285714285714,2.052872551885702,0.047619047619047616,0.08351883132337555,335.68253968253964,349.96996817489736,0.5,0.10101525445522107,0.7207977207977209,0.23590018854113334,0.9214015151515151,6.30105,2.620891284467938,1005.5,1406.4353877800431,997.5,1402.8998538741102,997.5,1402.8998538741102,989.5,1399.3643199681776,0.2951421603314086,0.022491408355927785,0.11742424242424243,0.24073615433756085,0.13773082473340006,0.07196969696969698,0.25892858916573946,0.23106060606060605,0.4223116856198016,0.822934472934473,0.1998785829070093,20.0,10.0,0.07575757575757576,2.2222222222222223,0.97182531580755,10.0,4.242640687119285,2.0,0.0,0.0,2.0,0.0,264.0,0.0,2.0,0.0,7.737460888042869,0.8289173789173789,0.12126673524222542,0.7360398860398861,0.2897342750073613,16.0,7.0710678118654755,4.907473926353031,2.049004230287769,0.0,0.0,0.060836501901140684,0.026886189398728045,0.18181818181818182,0.007575757575757576,0.007575757575757576,1.0,997.5,1402.8998538741102,4.878048780487805,2.2604769624043892,0.10173032182829739,0.11471461514857291,0.15569196428571427,0.14548899162196163,26.182509505703422,20.11086967024858,0.5,0.04442593172613042,0.8052706552706553,0.20568587142907532,1.613861386138614,0.38257575757575757,0.9598409038372531
25,0.01598115514558214,0.01955695197160008,1.4731400695816947,0.8081769814346026,0.07065217391304347,0.8152402402402403,0.053649883426465664,0.9503376699710266,0.12743362831858396,0.0,0.033321835753263064,0.07280432141174592,0.9503376699710266,0.5067472646334195,0.0901420412340442,0.08852046424503958,2.0929249753948223,12.341572727124744,0.853838407771591,79.14791031982178,211.56729995199476,0.41396396396396395,0.13807247717738264,19.154160356631234,0.9620552526066846,0.07569954934461448,0.19856353391636192,0.0,0.9619565217391305,0.8913043478260869,0.5,0.18446263857040374,7.481213816814626,16.90134268933217,17.971483657492545,6.984944615902923,16.031102928553928,0.7630814991447904,0.224548236964995,14.153846153846153,5.846153846153846,12.202466333302649,2.3738625305184082,0.7964966383633086,17.447100507684098,70.99986135425716,0.14589989682650162,0.13858695652173914,0.1657608695652174,44.0,6.590909090909091,2.0267763591842076,0.022727272727272728,0.05452477169844391,1190.895238095238,1311.2331866848742,0.5,0.03214121732666122,0.8261261261261261,0.061220029697643265,0.9817905245746692,2.5888476923076924,5.945389530265823,23.63076923076923,43.79824443267807,9.40459866220736,17.727127631509227,8.042307692307691,15.954665100262634,3.1461538461538456,8.916736208691194,0.04961520903431387,0.062328174074171225,0.34782608695652173,0.4132316922410264,0.13962078443952944,0.21195652173913043,0.40925063206836865,0.28532608695652173,0.45218440714404384,0.6462462462462462,0.09366770256266689,43.0,1.6538461538461537,0.11684782608695653,4.3,2.110818693198342,2.388888888888889,1.5392469086379983,26.0,4.0,0.0,2.0,0.0,368.0,0.0,26.0,14.0,28.69130027373,0.6524774774774775,0.056319595806848796,0.6304804804804804,0.011890442542862176,20.484615384615385,38.54337496699211,4.304179708079058,7.940203099089942,1.6890088381980704,3.9334855147623986,0.2204795103977665,0.16871380820476423,0.5842391304347826,0.07065217391304347,0.010869565217391304,0.15384615384615385,8.428672903672902,16.5526901819442,5.67816091954023,2.3352418971039897,0.10323666208179837,0.11265816364696665,0.10537997159090909,0.09268501901336927,79.14791031982176,201.73954496267592,0.038461538461538464,0.07747432439316924,0.6304804804804804,0.011890442542862176,1.7058823529411764,0.3695652173913043,0.9503376699710268
830,0.03259279374085513,0.03999016893364368,2.5848699190400284,0.0,0.04,0.8240000000000001,0.06586180818788517,0.9459534760689116,0.1377748644300102,0.0,0.02689035947400144,0.03682113683303109,0.9459534760689116,0.5582380347310462,0.1085909365723524,0.17859284220520458,0.1085909406345619,0.17859284861215272,0.8748915662650603,1.0000000423655921,0.6555807438656036,0.796,0.07876829593462363,8.52312259674226,0.9363812824777838,0.09248478486980147,0.33988191401035006,0.6185159780922638,0.964,0.804,0.5,0.19233304448274094,33.94240280055384,42.919854841530764,1.6544089946161726,20.85114911401692,33.16568217430029,0.7163388292747147,0.26608701065859397,25.0,1.6614907250000002,0.15904044687880198,3.419836668667802,0.16095137176050206,-1.0235853316188757,0.4846054658794218,0.15760239677544996,0.18000000000000005,0.19599999999999995,25.0,5.72,1.8601075237738276,0.04,0.0869942526837262,374.215873015873,386.19571192331136,0.5,0.08485281374238575,0.788,0.07554248252914825,0.974224,1.25181766857,0.1271057189158479,1.8843636,0.48647278742396727,9.599999999032604e-09,1.4751271134758112e-08,-0.04097955,0.055550786604316706,-1.7959479000000003,0.2572358103009981,0.11098672644113758,0.16095137176050203,0.38,0.45032671474792935,0.06913427252528029,0.216,0.41233978268600546,0.256,0.43729728522213657,0.8440000000000001,0.06915361322607967,24.0,2.4,0.096,2.6666666666666665,1.4142135623730951,3.0,1.927248223318863,10.0,0.0,0.0,2.0,0.08888888888888889,250.0,1.0,10.0,1.0,22.289901431689923,0.76,0.08219218670625301,0.6439999999999999,0.05146735750831676,3.6803114999999997,0.645633056183748,1.000000021182796,1.4734488003785785e-08,0.06571937846439495,0.26116518893690877,0.0,0.0,0.812,0.04,0.032,0.8,-0.007809652666666672,0.04772182501909096,4.857142857142857,2.131118642090737,0.10801571829918116,0.0929588783661793,0.14828125,0.12659821183085299,1.0000000423655924,2.9468976764063803e-08,0.1,0.17502301460010983,0.6279999999999999,0.059777364723893056,1.7472527472527473,0.364,0.9459534760689117
858,0.06761356405818383,0.14283435096959987,1.2489454124241475,0.9591612159725913,0.04436860068259386,0.7951724137931033,0.05385506904648286,0.9441465056758752,0.14199761930527,0.0,0.10518366298642105,0.15701932401430965,0.9441465056758752,0.307248094292486,0.17948965572715797,0.18343896937826648,7.4510319077263505,26.68938670108656,0.8513488241619525,397.35303865754156,1169.9344883052618,0.6382758620689655,0.015431150423731608,12.487737733021854,0.9620552526066846,0.037784040667152775,0.173239936197695,8.184415634134346e-05,0.9658703071672355,0.8873720136518771,0.5,0.19548003165907965,42.949346554788015,78.10115360025131,32.62338565534609,42.07736915005579,76.20926125012711,0.6938953786125769,0.31654072099349595,22.53846153846154,10.538461538461538,19.487668684817862,2.1174860296788376,0.9482020570938166,2.7345612250230227,4.74743575811349,0.10572419841496072,0.13651877133105805,0.061433447098976135,59.0,7.237288135593221,1.8508058175203455,0.01694915254237288,0.03927327114311658,1951.0539682539682,1738.5974380060159,0.5,0.0838940248865395,0.846551724137931,0.06387158197864003,0.9663711866183649,7.527046153846153,14.494409212095961,82.76923076923077,172.01121758292098,44.15234969808348,79.85059275584767,43.46153846153846,78.20871156145309,22.076923076923077,37.48435571110864,0.07560588842118526,0.09863442702820902,0.33447098976109213,0.3828402086570889,0.14890387789280754,0.21843003412969283,0.4138876734310283,0.12286689419795221,0.3288460095175171,0.8122988505747127,0.08577422284405893,58.0,4.461538461538462,0.19795221843003413,5.8,3.4253953543107007,4.833333333333333,3.9504506839170404,13.0,3.0,0.0,2.0,0.01282051282051282,293.0,1.0,13.0,7.0,15.519155300001538,0.5943678160919541,0.08768917228891804,0.6382758620689655,0.015431150423731608,60.69230769230769,142.96234038805733,9.111927063061488,18.453174320684543,0.7892235532293146,1.2945360577007496,0.2998561465917108,0.28531884793021633,0.4641638225255973,0.04436860068259386,0.010238907849829351,0.23076923076923078,43.46210343328986,78.27699163790399,6.3076923076923075,2.2029037986005187,0.09933484422674754,0.06820135812697883,0.07537738347457627,0.08928721479926059,397.35303865754145,1165.7115815586187,0.07692307692307691,0.08879324492605616,0.6451724137931034,0.03118806894494924,1.7641509433962264,0.36177474402730375,0.9441465056758753
51,0.06761356405818383,0.14283435096959987,1.2489454124241475,0.9591612159725913,0.04436860068259386,0.7951724137931033,0.05385506904648286,0.9441465056758752,0.14199761930527,0.0,0.10518366298642105,0.15701932401430965,0.9441465056758752,0.307248094292486,0.17948965572715797,0.18343896937826648,7.4510319077263505,26.68938670108656,0.8513488241619525,397.35303865754156,1169.9344883052618,0.6382758620689655,0.015431150423731608,12.487737733021854,0.9620552526066846,0.037784040667152775,0.173239936197695,8.184415634134346e-05,0.9658703071672355,0.8873720136518771,0.5,0.19548003165907965,42.949346554788015,78.10115360025131,32.62338565534609,42.07736915005579,76.20926125012711,0.6938953786125763,0.31654072099349484,22.53846153846154,10.538461538461538,19.487668684817862,2.1174860296788376,0.9482020570938166,2.7345612250230227,4.74743575811349,0.10572419841496072,0.13651877133105805,0.061433447098976135,59.0,7.237288135593221,1.8508058175203455,0.01694915254237288,0.03927327114311658,1951.0539682539682,1738.5974380060159,0.5,0.0838940248865395,0.846551724137931,0.06387158197864003,0.9663711866183649,7.527046153846153,14.494409212095961,82.76923076923077,172.01121758292098,44.15234969808348,79.85059275584767,43.46153846153846,78.20871156145309,22.076923076923077,37.48435571110864,0.07560588842118526,0.09863442702820902,0.33447098976109213,0.3828402086570889,0.14890387789280754,0.21843003412969283,0.4138876734310283,0.12286689419795221,0.3288460095175171,0.8122988505747127,0.08577422284405893,58.0,4.461538461538462,0.19795221843003413,5.8,3.4253953543107007,4.833333333333333,3.9504506839170404,13.0,3.0,0.0,2.0,0.01282051282051282,293.0,1.0,13.0,7.0,15.519155300001538,0.5943678160919541,0.08768917228891804,0.6382758620689655,0.015431150423731608,60.69230769230769,142.96234038805733,9.111927063061488,18.453174320684543,0.7892235532293146,1.2945360577007496,0.2998561465917108,0.28531884793021633,0.4641638225255973,0.04436860068259386,0.010238907849829351,0.23076923076923078,43.46210343328986,78.27699163790399,6.3076923076923075,2.2029037986005187,0.09933484422674754,0.06820135812697883,0.07537738347457627,0.08928721479926059,397.35303865754145,1165.7115815586187,0.07692307692307691,0.08879324492605616,0.6451724137931034,0.03118806894494924,1.7641509433962264,0.36177474402730375,0.9441465056758753
481,0.05201671356574982,0.03776209911520781,2.1971212523550934,0.3371040397439505,0.03827751196172249,0.8280952380952382,0.08107522580825112,0.9417258626620666,0.1476188456808446,0.0,0.06097982180014524,0.03610988078868545,0.9417258626620666,0.3836387591328303,0.20419149842812592,0.1882850965513284,30136.007159353805,89446.97210359604,0.854297018770703,106332435.51883516,300722701.47390765,0.7221428571428572,0.07864795055165974,4.922846367268139,0.8236106550093216,0.12405688902032146,0.13779124733175652,0.0003425902588848399,0.6698564593301436,0.07177033492822966,0.5,0.1996138760287383,7332.943585878894,20176.449215132932,816.9271782352854,5943.706952424637,16267.113480797309,0.6710303310423091,0.30535508794322824,26.125,6313.0,17652.187749802735,2.947550090408882,0.27854372180303966,6.959722852769748,9.788035746171992,0.05795935009493325,0.1004784688995215,0.038277511961722466,19.0,5.421052631578948,1.9239943830388158,0.05263157894736843,0.09919178185305398,229.42857142857147,178.1669747721808,0.5,0.03721614637823934,0.8807142857142857,0.095702900162541,0.9361965156475356,3757.0010625,10463.66646661211,15474.3375,42270.77928136773,8406.657057416267,23181.906257911978,8929.525,24710.016685358878,1359.1,3530.007190603765,0.1912970246082783,0.11556251821585097,0.11483253588516747,0.32469149026459143,0.10863517172677102,0.03349282296650718,0.18035155625187524,0.36363636363636365,0.48220066623500485,0.8947619047619048,0.07706018170844312,18.0,2.25,0.0861244019138756,2.25,1.0350983390135313,3.0,1.2649110640673518,8.0,0.0,0.0,2.0,0.10714285714285714,209.0,0.0,8.0,6.0,10.485391666985782,0.9714285714285713,0.03329551898952863,0.7985714285714286,0.09623944481459362,14115.2375,38746.42032269147,3705.499709407661,10287.39630657214,1.63444308912014,1.802305878130512,0.02665591907548721,0.04694066893006463,0.31100478468899523,0.03827751196172249,0.004784688995215311,0.125,8523.195767716536,23538.516130201046,4.594594594594595,2.1403460190074597,0.13303320227955626,0.12894109100704226,0.17393092105263158,0.15339938977771056,106332435.51883511,300722586.77422065,0.125,0.14828375019595172,0.6888095238095239,0.1040382049910398,1.7866666666666666,0.3588516746411483,0.9417258626620666
59,0.1258652516916013,0.1279201809205619,2.504550270520785,0.6509240946602262,0.09714285714285714,0.8200000000000001,0.06605158432152264,0.940285958670631,0.15094339622641517,0.0,0.06701700523696273,0.11185766621020395,0.940285958670631,0.33277610497376664,0.17948965572715797,0.18343896937826648,0.06394408655051474,0.06066750713430012,0.8454523127302497,0.27289721231401065,0.5202962099807383,0.7714285714285715,0.12490359093908573,6.003327778617633,0.9620552526066846,0.037784040667152775,0.12487585792123285,8.184415634134346e-05,0.8114285714285714,0.0,0.5,0.20203050891044216,33.94240280055384,42.919854841530764,1.3862501560274845,20.85114911401692,33.16568217430029,0.7204707820776894,0.3136890777325716,10.294117647058824,0.6024073529411765,0.26729280460912347,3.2882087729962546,0.6210168244143119,2.7345612250230227,4.74743575811349,0.05546601593351386,0.05714285714285716,0.07428571428571429,23.0,5.521739130434782,1.7286243931201823,0.043478260869565216,0.09519809060049893,274.8,204.57909995531836,0.5,0.15371886547533642,0.8657142857142859,0.06466379122578267,0.9099183673469388,0.3886736193529412,0.1907840129687638,0.9705882352941176,0.17149858514250882,0.2484047033613445,0.24833788408694207,0.3219810294117647,0.33840362283543984,-0.9411764705882353,0.23883257361061289,0.15662745619516172,0.09113546323377328,0.1742857142857143,0.32427131418998184,0.1465704547159355,0.09142857142857143,0.2886302287069994,0.30857142857142855,0.46256505997688624,0.8771428571428572,0.05561448122154829,22.0,0.6470588235294118,0.06285714285714286,2.75,1.2817398889233114,1.2941176470588236,0.46966821831386213,34.0,1.0,0.0,2.0,0.0926916221033868,350.0,1.0,34.0,20.0,14.990493182753685,0.8428571428571429,0.04902681019517617,0.7285714285714285,0.11527350892295433,1.911764705882353,0.3788057036804224,0.5107252374201369,0.11145539969372245,0.7892235532293146,1.2945360577007496,0.04510438888274971,0.18905189111385143,0.31142857142857144,0.09714285714285714,0.06857142857142857,0.7058823529411765,0.30180025910364144,0.30874687447185406,4.666666666666667,2.0113315354397807,0.12174447537121658,0.09828140804560678,0.15794836956521738,0.1308756778714074,0.2728972123140106,0.08229131322956618,0.02941176470588235,0.08383349891334653,0.7314285714285714,0.07990924557486868,1.8,0.35714285714285715,0.9402859586706311
839,0.05947755857087812,0.10466211051116134,3.0298065560768745,0.1237835123622694,0.010230179028132993,0.8579195066536839,0.10349951629381848,0.9344102044538426,0.16436333073182452,0.0,0.021314168293281872,0.023933457783634128,0.9344102044538426,0.3235887921245376,0.13784870867708798,0.15383995910785944,60.970041095778356,272.6285207094226,0.8691755274731392,2180.0618626744786,6068.892325260503,0.8183868873742292,0.08596047912775243,6.547867533584709,0.8934810470221011,0.16161698242193784,0.17320374881438208,0.02742971474005882,0.5997442455242967,0.329923273657289,0.5,0.21158949718369835,33.94240280055384,42.919854841530764,95.70465344474815,20.85114911401692,33.16568217430029,0.8187545004228154,0.3171641187780771,97.75,14.720312500000002,20.54675306454856,3.8215122541152846,0.1869239748359129,3.829545850494595,10.74679747316672,0.08692467885040722,0.1265984654731458,0.1048593350383632,45.0,8.2,3.381769305609659,0.02222222222222222,0.05646266754195929,7699.98881118881,12668.003087245119,0.5,0.04714045207910316,0.7953911067835119,0.09603833379868267,0.9395281297218098,10.822980000000001,15.316995563583092,50.41374999999999,61.51806121259954,9.609768222506393,42.1945298463429,2.25,58.994096799110814,-19.15625,66.46061001772833,0.1427045064154327,0.16492365480594803,0.12148337595907928,0.2595646232143111,0.1275535249590772,0.04859335038363171,0.21515397424119853,0.3132992327365729,0.4641317641231211,0.7808016877637132,0.19352387584817163,44.0,5.5,0.056265984654731455,3.142857142857143,1.292412345317728,5.5,3.251373336211726,8.0,0.0,0.0,2.0,0.07142857142857142,782.0,0.0,8.0,5.0,20.23133061584394,0.656686140863356,0.18038829808634824,0.6277020447906523,0.07815258355756385,69.57,119.63748277907843,20.879883776482856,44.645810120548326,-0.10013037425137339,1.137255770171683,0.015451901954863009,0.022510647052260836,0.2506393861892583,0.010230179028132993,0.0012787723785166241,0.125,4.656438829787231,53.22349616271287,7.303370786516854,3.533619360006055,0.06287557703748377,0.1165337630540155,0.08786078559027778,0.11795880528846783,2180.0618626744804,6018.99832983369,0.125,0.18625087506592974,0.6307692307692309,0.11557804130094726,1.854014598540146,0.35038363171355497,0.9344102044538425
37,0.028840438796475666,0.03211053699372291,2.958105757854844,0.34168940624694744,0.010416666666666666,0.7175495557074505,0.04223791061255697,0.9331343166407832,0.16724669384508295,0.0,0.01248981695807782,0.008523298017724572,0.9331343166407832,0.47622638917660254,0.17165678897092662,0.13243386555206996,109.35023488509583,266.09287378284085,0.8690311277705345,1893.0594716960898,4682.592251943358,0.6368933697881066,0.06574655184260635,12.954877983803843,0.9416866191212752,0.07013607469522976,0.34355907828141763,0.2515956493264203,0.9934895833333334,0.9778645833333334,0.5,0.21360517348343622,3.9807001879224595,11.105207416322994,45.24310842710197,3.786169797298347,10.58269832128959,0.7417449325142741,0.2638704384349159,96.0,31.2728125,41.090233272933695,3.8192105024836493,0.3357632924270967,2.7345612250230227,2.913385829403486,0.14749790688877762,0.22786458333333337,0.18489583333333337,129.0,8.472868217054264,2.046634124681321,0.007751937984496124,0.017469933479872055,10503.733954933956,13826.3149373052,0.5,0.005481447916174797,0.7734962406015038,0.036540402856012844,0.9893815782335069,15.6168744375,15.086466992445496,179.19,276.32481342486363,44.98579117838541,41.635276665409364,38.3590625,38.609856900646406,2.63475,7.420731803535283,0.07202957201197768,0.05160877219809383,0.4361979166666667,0.45419160617774873,0.09824326924297387,0.3020833333333333,0.4594604094843525,0.3450520833333333,0.4756950557565986,0.7564935064935066,0.034824118651366746,128.0,16.0,0.16666666666666666,9.846153846153847,7.701148765456509,16.0,6.969320524371696,8.0,0.0,0.0,2.0,0.03571428571428571,768.0,0.0,8.0,8.0,40.06793467220582,0.6796650717703349,0.05890507604429617,0.6523581681476418,0.0158049350633263,176.55525,277.4951336879622,25.733742975451573,37.5055644506936,0.5271805558363709,1.321603237158665,0.015922964296627953,0.018549250712783114,0.69140625,0.010416666666666666,0.0026041666666666665,0.25,40.20920779220779,38.843545867894534,7.509727626459144,2.417567282651687,0.0858730250532372,0.09311836729314445,0.043985056322674417,0.05779778367890936,1893.0594716960932,4613.544969593338,0.125,0.10102130400078184,0.6588516746411484,0.0292050858635168,1.8656716417910448,0.3489583333333333,0.9331343166407831
50,0.01467638545538372,0.015554753993249387,1.538036541386586,0.03121681989402669,0.009394572025052192,0.6994627192982457,0.08369848645834484,0.9309539862507962,0.17214897430790677,0.0,0.015851264089481877,0.02345203310885637,0.9309539862507962,0.5715079642577473,0.05722124530575054,0.050751746289844996,0.037755079409747885,0.03402742960420414,0.8939448476558836,0.6424544681329646,0.17320908017153236,0.6534429824561404,0.004274034729253482,49.450653670235,0.9825995501202307,0.037501960849716603,0.553477485427431,1.0,1.0,1.0,0.5,0.21700354245182146,0.0,0.0,0.7290353392076316,0.0,0.0,0.7228523064287699,0.22693207377001368,106.44444444444444,1.5555555555555556,0.5270462766947299,2.450164608925388,0.0553028852936488,-1.371814274445498,0.19741252033106804,0.16169677936770677,0.29018789144050106,0.2755741127348643,93.0,8.172043010752688,2.1499426479407107,0.01075268817204301,0.02011097825128743,6882.676523476523,10207.330548594351,0.5,0.022809896167307966,0.6806469298245613,0.07990722821028569,0.9959815377373704,1.4826,0.0,2.0,0.0,0.8910925539318024,0.12264247291593207,1.0,0.0,0.0,0.0,0.018825918711993683,0.025843708606806112,0.44676409185803756,0.4650959293455261,0.051778756434631056,0.2807933194154488,0.44962145587286806,0.23068893528183715,0.42149376761298296,0.663969298245614,0.06531522128017232,92.0,10.222222222222221,0.09603340292275574,7.076923076923077,5.376825867578046,10.222222222222221,4.206476488041321,9.0,0.0,0.0,2.0,0.0,958.0,0.0,9.0,0.0,80.69782122806724,0.7713925438596492,0.0762115735297959,0.6534429824561404,0.004274034729253482,2.0,0.0,0.8001008112358369,0.05079178075053863,0.19228086078855816,0.22888914644110858,0.3326367119470568,0.0,0.4363256784968685,0.009394572025052192,0.009394572025052192,1.0,0.8188657407407408,0.20397827960670645,7.221621621621622,2.484641424476702,0.07903822596072906,0.08763113233009873,0.053871072748655914,0.07485800310925374,0.642454468132965,0.08391092935301496,0.1111111111111111,0.030144945845776164,0.6534429824561404,0.004274034729253482,1.8855421686746987,0.3465553235908142,0.9309539862507961
56,0.11851694476532834,0.12684526822024483,0.9377467962274181,0.11656120782495581,0.04678362573099415,0.9443697478991597,0.054536023933329625,0.926819063964577,0.18136020151133492,0.0,0.21930489395667074,0.19544447166866064,0.926819063964577,0.48016474161170164,0.2942469265382293,0.19557051042743623,0.06759194948923304,0.047048305310327304,0.8396014474112946,0.2304984265404469,0.33088895971552024,0.9443697478991597,0.054536023933329625,5.394958179731911,0.7806950645397994,0.1954444582534914,0.0482229782595988,1.0,1.0,1.0,0.5,0.2232968782694361,0.0,0.0,1.9097927657761646,0.0,0.0,0.6617661267732674,0.3203999972442737,21.375,0.9375,0.25,1.6927723016345806,0.1828842803755217,-1.4524802890791682,1.4251555317938944,0.03929024936540848,0.0292397660818714,0.02631578947368418,34.0,6.294117647058823,2.0379641024094237,0.029411764705882353,0.06804591721457101,791.7015873015873,918.7657140351649,0.5,0.04159451654038516,0.9443697478991597,0.054536023933329625,0.9253360008207654,0.0,0.0,1.0,0.0,0.4778874269005848,0.14491037994716344,0.4375,0.51234753829798,0.0,0.0,0.17179355855741463,0.1599509671349972,0.14619883040935672,0.3205625271843249,0.12443222395191916,0.0847953216374269,0.27898504607080277,0.24269005847953215,0.4293373641744251,0.9092436974789916,0.08605778738304028,33.0,2.0625,0.09649122807017543,3.3,1.8287822299126937,2.357142857142857,0.7449463436684921,16.0,16.0,0.0,2.0,0.15,342.0,0.0,16.0,1.0,4.4585678537767555,0.8798319327731093,0.06584837821366042,0.6953781512605042,0.07777360232609588,1.0,0.0,0.4782398659791839,0.043635546716368594,0.14178723948451996,0.7530471320251806,0.49853372434017595,0.0,0.16666666666666666,0.04678362573099415,0.04093567251461988,0.875,0.47208737864077666,0.21858320072871135,5.402985074626866,2.3163431308365903,0.10272549090365675,0.11607599471797227,0.1201171875,0.10833990259415519,0.2304984265404469,0.03559786565748296,0.06250000000000001,0.19444726811954827,0.774453781512605,0.11734802599138079,1.9230769230769231,0.34210526315789475,0.9268190639645772
722,0.17601762594446493,0.2320485628161912,0.7097081916489657,0.9837009845457377,0.024,0.6645000000000001,0.0015811388300841912,0.9204472786829074,0.19533837856567304,0.0,0.2327320361078188,0.24851279031910925,0.9204472786829074,0.4232232536194285,0.17948965572715797,0.18343896937826648,6.210614384541561,24.8455048378624,0.8793846923461731,111.57088732908119,282.78277047048437,0.6184999999999999,0.024272755646334587,59.71263402292099,0.9620552526066846,0.037784040667152775,0.2344292973986916,8.184415634134346e-05,0.7655,0.433,0.5,0.23263813101037412,17.135642153014313,36.50730816222273,24.70699790192701,16.80206385292394,36.047011112884505,0.8277851717554929,0.2621700310102289,41.666666666666664,3.75,9.049509214387076,1.614740855087642,0.9539687296156298,2.7345612250230227,4.74743575811349,0.1023986952998156,0.11150000000000004,0.11650000000000005,74.0,7.864864864864865,2.009050237848886,0.013513513513513514,0.04371482719001917,3787.7258297258295,3765.129105389514,0.5,0.13377695860286035,0.849,0.020655911179772907,0.98692,1.11195,5.020759855266463,66.60416666666667,65.18084158653582,19.449375,36.22204809074575,17.020833333333332,36.04694904511328,15.4375,34.644643594461094,0.01541461524423105,0.04492707353015261,0.1295,0.3170511172835625,0.11918137883537679,0.0655,0.2474679174864745,0.3,0.45837217686751347,0.639,0.034140233677518346,73.0,1.5208333333333333,0.0365,6.636363636363637,4.272533844751315,3.4761904761904763,2.7498917727621137,48.0,0.0,0.0,2.0,0.008865248226950354,2000.0,22.0,48.0,26.0,45.041252435059995,0.9324999999999999,0.02300362290307041,0.6645000000000001,0.0015811388300841912,51.166666666666664,55.706805930248365,6.548558891268352,8.375481772462757,0.7892235532293146,1.2945360577007496,0.46793664131669166,0.49464796658763915,0.2415,0.024,0.0065,0.2708333333333333,17.509184027777778,36.010183878749785,6.925170068027211,2.3469258101929844,0.0898006332287856,0.06757380092775389,0.060454497466216214,0.08510472754077071,111.5708873290812,220.25113602772134,0.020833333333333332,0.060113840680349306,0.6645000000000001,0.0015811388300841912,1.9820574162679425,0.3353389490573606,0.9202884055398106
470,0.06333601625548607,0.15561856903905724,2.1978316771365254,1.210995653950142,0.013392857142857142,0.666681299385426,0.006621365871048268,0.9182958340544894,0.19999999999999996,0.0,0.05841759418736493,0.1656251017742187,0.9182958340544894,0.5364334271667466,0.17948965572715797,0.18343896937826648,1.128693810174343,1.7320378464863668,0.8935668156979633,37.18145638419716,39.14941454140705,0.5834064969271291,0.03537185480488931,76.07457611488752,0.9620552526066846,0.037784040667152775,0.6629580345279443,8.184415634134346e-05,0.9910714285714286,0.9836309523809523,0.5,0.23570226039551584,10.781951252068772,29.796515062491537,3.5296990114749374,10.533960984997556,29.839472963642223,0.6695575297855323,0.2601544200323738,74.66666666666667,7.111111111111111,5.644564740625366,3.1040565161102447,1.2034996992679061,2.7345612250230227,4.74743575811349,0.24999102618756996,0.33333333333333337,0.33333333333333337,175.0,9.891428571428571,3.215387878907094,0.005714285714285713,0.007477603047256714,274883.2009226412,1184871.2164176852,0.5,0.020203050891044183,0.6621158911325724,0.0493250913162543,0.9964702026643991,5.353833333333332,4.287024773662965,32.5,29.242520411209426,18.64095568783069,27.770504912808907,18.38888888888889,27.852039622101486,10.0,29.626845934051097,0.012070995080770253,0.01597005001056489,0.6071428571428571,0.49109445384624917,0.08463080774398628,0.4583333333333333,0.4986320083803494,0.38392857142857145,0.48670311623754087,0.6606453028972783,0.06948079982503144,174.0,19.333333333333332,0.25892857142857145,8.7,8.342030549225443,21.75,9.953463144626024,9.0,0.0,0.0,2.0,0.0,672.0,1.0,9.0,4.0,181.07543474504354,0.5878841088674276,0.04513241442815002,0.666681299385426,0.006621365871048268,22.5,20.859650045003153,4.873729607571107,3.8867393929284977,0.7892235532293146,1.2945360577007496,0.19801661168127102,0.32153186400352907,0.84375,0.013392857142857142,0.00744047619047619,0.5555555555555556,18.36702420242024,27.82857123511415,8.922636103151863,3.464479516225776,0.04926383813597493,0.07094410458172214,0.032378071376255584,0.053047337479877436,37.18145638419716,38.66473204796931,0.1111111111111111,0.07163779226422455,0.666681299385426,0.006621365871048268,2.0,0.3333333333333333,0.9182958340544896
959,0.0008915414570523241,0.0005750383339355459,1.706957430403588,0.39758416140931446,0.004,1.0,0.0,0.9184624105602274,0.1996401080576008,0.0,0.06288356963958865,0.17668158624138897,0.9184624105602274,0.5581855303318825,0.015642621298099364,0.009393385011421876,0.013522698849424716,0.009875421290261997,0.8737223611805903,0.9313453289144566,0.5570771126162912,1.0,0.0,7.949022104615141,0.9058102447304706,0.2646130452917684,0.06890219061315582,0.0,0.0,0.0,0.5,0.2354665581351203,0.0,0.0,1.5038251851610784,0.0,0.0,0.6231397007097081,0.27686689062134395,250.0,1.78125,0.4105201404490232,2.5098757654193564,0.5430432111952667,-1.5072670195495586,0.2165806607419681,0.0,0.0,0.0,2.0,1.0,0.0,0.5,0.2354665581351203,4.0,0.0,0.5,0.0,1.0,0.0,0.99258225,1.297275,0.5241782568935877,2.375,0.9161253813129043,1.1801875,0.4531985482182648,1.125,0.6408699444616557,0.0,0.0,0.11554407554445914,0.3244284611365197,0.091,0.29153112359534505,0.09659978827716556,0.0315,0.17470836129319306,0.2505,0.43340935826989013,1.0,0.0,1.0,0.125,0.0005,1.0,2.6267851073127395,1.0,1.6037897047351457,8.0,1.0,0.0,2.0,0.0,2000.0,0.0,8.0,0.0,13.773214657351977,0.9295000000000002,0.023386843404881376,0.6665,0.002415229457698242,2.375,0.9161253813129043,0.9287636288211102,0.2802926036300541,0.01390301416195961,0.025822772168448447,0.31632482908120724,0.09045874149478321,0.3085,0.004,0.0035,0.875,1.1757291666666667,0.45144662481795544,0.6666666666666666,0.5773502691896258,0.5,0.09691127378780426,0.5,0.0,0.9313453289144572,0.5550852860117261,0.125,0.3535533905932738,0.6665,0.002415229457698242,2.0,0.3333333333333333,0.9182958340544896
334,-4.677778628357735e-08,1.500277116214734e-08,1.4591479170272448,0.39029284479403414,0.013888888888888888,0.6713530655391121,0.0064627239002736465,0.9135964672699598,0.21008209928642674,0.0,0.0021652577820662814,0.0010193876390483616,0.9135964672699598,0.5425383400157724,0.0,0.0,0.0,0.0,0.9051731545931082,0.6264501160092807,0.36884384128515363,0.6139534883720931,0.1248750530822255,279.9112168739241,0.9974239112837947,0.002011198218328611,0.933823091197997,1.0,1.0,1.0,0.5,0.24224954540650237,0.0,0.0,0.21137830999493587,0.0,0.0,0.6830401167082621,0.2551451606460967,72.0,1.5833333333333333,0.4915960401250875,2.369480504851882,0.3882588263878786,-1.6496069280121166,0.28024143262288115,0.24738675958189604,0.3287037037037037,0.3287037037037037,56.0,6.25,0.9954441676503464,0.017857142857142856,0.015504479926663298,768.0380952380953,296.89141418251864,0.5,0.07576144084141581,0.643446088794926,0.07948341601988954,0.9908532664609053,1.2354999999999998,0.38280567393914106,1.8333333333333333,0.752772652709081,0.9166666666666666,0.3763863263545405,0.9166666666666666,0.3763863263545405,0.0,0.0,0.0032638794453223228,0.002083752422341039,0.5,0.44658677850388967,0.12692722091314265,0.42592592592592593,0.4950559030741015,0.41898148148148145,0.4939643877463285,0.6550739957716702,0.04312585488108934,55.0,9.166666666666666,0.12731481481481483,7.857142857142857,5.899959644736886,9.166666666666666,10.457851914550458,6.0,2.0,0.0,2.0,0.0,432.0,0.0,6.0,0.0,446.0593787152415,0.5650105708245243,0.11418148854225635,0.6713530655391121,0.0064627239002736465,1.8333333333333333,0.752772652709081,0.7621365688334105,0.23391784828725679,0.0,0.0,0.37354988399071926,0.10229887556867101,0.6041666666666666,0.013888888888888888,0.013888888888888888,1.0,0.9166666666666666,0.3763863263545405,5.315315315315315,1.5896367908881346,0.17314211156410114,0.035628637387552,0.09402901785714286,0.06402549315183788,0.6264501160092807,0.3688438412851537,0.1666666666666667,0.18212152341124854,0.6713530655391121,0.0064627239002736465,2.0422535211267605,0.3287037037037037,0.9135964672699597
1014,0.007271749523226329,0.008158848818578425,1.9019166065113233,0.7687781309797388,0.011940298507462687,0.6867201426024956,0.010803978934027444,0.8970964164730477,0.2444270629644114,0.0,0.0031599551931112625,0.0025979187703322167,0.8970964164730477,0.4231510221556245,0.03479497775762502,0.028366608739783628,0.09549706557035186,0.15684899361605306,0.8997765662704442,2.729386004111177,3.1761131459676766,0.6927807486631017,0.02494146257307422,169.79611979626026,0.9957654533568296,0.0030896973594841076,0.9238600085761357,1.0,1.0,1.0,0.5,0.26384581387557743,0.0,0.0,0.2804973498105319,0.0,0.0,0.7784213437729662,0.29454682302755375,83.75,2.25,1.5,2.793729648914637,0.7688706522912797,-1.3276562480073475,0.4797146789358193,0.23863636363636198,0.31343283582089554,0.31343283582089554,172.0,9.720930232558139,2.330329709828107,0.005813953488372093,0.003510745918793726,33090.1292929293,43279.28683683272,0.5,0.6002185468211392,0.6867201426024956,0.010803978934027444,0.9970505680552462,1.4826,1.2105378308834467,4.25,3.304037933599835,2.038805970149254,1.577680893921353,2.0,1.4142135623730951,0.0,0.0,0.005283374069734226,0.0015145743912235048,0.5432835820895522,0.7358706582044525,0.28876788343175175,0.5850746268656717,0.49344618867789786,0.3194029850746269,0.46694279162414026,0.6867201426024956,0.010803978934027444,171.0,42.75,0.5104477611940299,12.214285714285714,9.082346117001432,42.75,31.826351764955195,4.0,1.0,0.0,2.0,0.0,335.0,0.0,4.0,0.0,358.9814401570467,0.3619429590017825,0.06814857370202365,0.6867201426024956,0.010803978934027444,4.25,3.304037933599835,1.4118553353591203,0.9906566954158346,-0.010616098470721688,0.2592007433434864,0.26964523334283813,0.18156571304370353,0.31343283582089554,0.011940298507462687,0.008955223880597015,0.75,2.0497512437810945,1.5707269512975368,8.752186588921283,2.6644375881204665,0.0699662925718768,0.06174925447338967,0.028685813726380814,0.058528470410585,2.72938600411118,3.1574056758459093,0.25000000000000006,0.17294569186030756,0.6867201426024956,0.010803978934027444,2.1904761904761907,0.31343283582089554,0.8970964164730477
833,0.005335035310344047,0.0013847943973810256,3.4462505094904374,0.3744030474502332,0.016,0.7585,0.016507574019219193,0.8937497796107381,0.2511994585713523,0.0,0.0016607224707072604,0.0032724559560763783,0.8937497796107381,0.6714814341553221,0.021496019059747868,0.03495151259488678,0.0257830229176955,0.08461255644106788,0.8832446223111556,1.5976013071829152,2.916695949715917,0.654,0.028264622567600105,74.48182632777704,0.9877923586413067,0.03540158812312628,0.24669167815998247,0.07668594499211032,0.984,0.9105,0.5,0.2679934700697015,33.94240280055384,42.919854841530764,3.974108966701484,20.85114911401692,33.16568217430029,0.7181362017605148,0.20639171062733436,62.5,1.2812238984375,0.8214950261351518,4.328000720566463,0.3727725017800186,1.0225054769445667,3.570045372794728,0.11069570357652725,0.1745,0.14449999999999996,233.0,9.896995708154506,2.8913723452323814,0.004291845493562232,0.014901928610782312,145074.93562124152,432659.55405522697,0.5,0.009104379156908364,0.8074999999999999,0.033187179586233115,0.99819925,0.903100469971875,0.5343616153559709,5.6816306875,7.589471640920626,1.207788083671875,1.7103285823459995,1.060325953125,1.6349289080277454,-0.029700406250000005,1.2755163879410758,0.011999568534712818,0.02487353814529355,0.5335,0.4908665998170567,0.02712237868894512,0.376,0.484501156536641,0.2755,0.4468776116565921,0.7855,0.028131635019829338,232.0,7.25,0.116,12.88888888888889,11.076678674472612,7.25,3.7674325988790796,32.0,0.0,0.0,2.0,0.0,2000.0,0.0,32.0,9.0,286.1978687834475,0.7175,0.03433899629672753,0.6895,0.001581138830084156,5.71133109375,7.314118413592239,0.974577346834869,0.8177390085851216,0.6273698593937848,0.933246307478526,0.019590355641205346,0.053405498597568914,1.0,0.016,0.01,0.625,1.074978012109375,1.6188898993746073,8.920430107526881,3.179289091126136,0.05590651676002224,0.07022088645640367,0.02708582407415169,0.040470523642199115,1.5976013071829145,2.873535728874906,0.03125000000000001,0.0437552297838534,0.6895,0.001581138830084156,2.221392056626032,0.3104248046875,0.8936632139657559
846,0.09125877625509544,0.19449895194295727,2.718900005556955,1.3334040430056329,0.009,0.7825,0.020172864061517002,0.8920157558713487,0.2546835566756609,0.0,0.06654751692364708,0.15818608685402558,0.8920157558713487,0.46185981830528866,0.17948965572715797,0.18343896937826648,6.777968498130444,44.312059355997576,0.8608434217108554,4432.025231803596,18612.063430457725,0.732,0.03284644408286673,13.12897492823883,0.9620552526066846,0.037784040667152775,0.21533553764842303,8.184415634134346e-05,0.9635,0.9435,0.5,0.2701147904132611,33.94240280055384,42.919854841530764,68.66917621040317,20.85114911401692,33.16568217430029,0.7483524623978761,0.22823264740249655,111.11111111111111,24.531577777777777,90.84772728820693,3.542973232727702,1.3080149572853395,2.7345612250230227,4.74743575811349,0.07723292981565688,0.09750000000000003,0.20550000000000002,286.0,10.43006993006993,2.657066974574282,0.0034965034965034965,0.008067042872950583,141829.6692692928,426420.6057939349,0.5,0.02966881599384113,0.852,0.027808871486152287,0.996214,18.006127579999998,66.96818251200156,60.01596666666668,221.51204835385363,-2.3919917916666664,5.625100253474175,-3.747472222222222,10.837000448995836,-52.95757222222223,186.76593265719086,0.06794252870060186,0.08272705935285941,0.353,0.44254821817854656,0.08273169975207093,0.227,0.4189973500986549,0.347,0.4761348046258413,0.7445,0.019923464669691495,285.0,15.833333333333334,0.1425,15.833333333333334,14.038811747940693,17.8125,11.945536125822622,18.0,0.0,0.0,2.0,0.11111111111111112,2000.0,2.0,18.0,15.0,39.01764517093798,0.6224999999999999,0.02031009601158992,0.6909999999999998,0.002108185106778922,112.97353888888888,408.2185312449148,17.97222860632398,65.9600753366411,0.7892235532293146,1.2945360577007496,0.13821224126149623,0.3146846283820005,0.6805,0.009,0.0005,0.05555555555555555,-3.016564935185185,7.788993959407895,9.450087565674256,2.9721890732346825,0.05926186919456062,0.07454375101440416,0.02198580761889478,0.039132582437961826,4432.0252318035955,18611.097903024754,0.05555555555555555,0.07065411719091022,0.6909999999999998,0.002108185106778922,2.2356725146198833,0.30905476233508045,0.8920793291304916
761,0.052711357534003966,0.06549314452121208,3.058052963516301,0.7755350870030314,0.0105,0.858,0.01719172927763685,0.8843254454983016,0.26993360870223393,0.0,0.03141685866482954,0.015599842352564222,0.8843254454983016,0.36047237431409695,0.24782975786612127,0.2145934606810812,261932865.6119786,2185789943.7064314,0.8329914957478739,12859997513.902714,43054928889.14804,0.797,0.031728010758108764,5.062331782690786,0.8335388506044262,0.13550609141121922,0.1165814276055943,9.933101917859795e-09,0.838,0.545,0.5,0.2793071785686863,47657.9025447901,188904.28276783734,427916.2958214504,1916.0213078005313,6097.870343082326,0.6884281687348702,0.2659997873815603,95.23809523809524,48722.15797619048,158000.8734037328,3.767691035002097,0.7253599941308535,49.25378277919394,79.96650883732009,0.04460678096848414,0.05700000000000005,0.03500000000000003,108.0,8.842592592592593,2.583781323162997,0.009259259259259259,0.043161048199611245,16547.96203796204,27405.44252756696,0.5,0.0,0.9205,0.020200385034834237,0.92691025,29992.89563,97250.06817713208,284775.43380952376,727768.2683227025,77880.6780395238,291096.2972620161,69573.88952380951,280580.7932188458,124.01904761904763,433.7331525477937,0.17468737401250603,0.10657702955066471,0.1345,0.30779526701948917,0.1473370402439828,0.0835,0.2767056794077567,0.3105,0.4628140538317868,0.906,0.019264244369066538,107.0,5.095238095238095,0.0535,7.642857142857143,4.861261989634803,5.35,3.0826338704016356,21.0,0.0,0.0,2.0,0.1380952380952381,2000.0,0.0,21.0,20.0,16.505861432763723,0.75,0.020000000000000018,0.7849999999999999,0.025603819159562023,284651.41476190474,727539.117793469,39701.93132871762,108848.25157441037,4.561140721574172,3.735482723871868,0.0028358905256580256,0.0028884354422071498,0.2745,0.0105,0.0015,0.14285714285714285,72970.28625079365,291183.9605835068,7.888372093023256,2.868879857470636,0.07393388878556184,0.0783501012017914,0.04533103660300926,0.06853854264518837,12859997513.902716,41862066991.86487,0.047619047619047616,0.113762062638203,0.716,0.03044120015154901,2.307226483649576,0.3023681640625,0.8841664897438648
735,0.051069486878096204,0.054060680726198886,3.4198135226883264,0.27753166605672874,0.006,0.836,0.0128668393770792,0.8843254454983016,0.26993360870223393,0.0,0.02550143245702505,0.015191302037052056,0.8843254454983016,0.3239793251852998,0.24313814318065696,0.20345381742501661,832047853.1356885,3857558970.257768,0.8455777888944472,22504990972.507694,55978738598.67249,0.7365,0.09715537384348158,4.7851473979017465,0.8313266867414724,0.12234115309679824,0.13655805502023896,3.349081491041367e-06,0.842,0.5905,0.5,0.2793071785686863,83392.59111452982,248255.99839055227,427916.17244063877,3348.5949437305712,7898.299277162569,0.7359239623471235,0.27645208755065115,166.66666666666666,85233.84583333333,204929.82927915113,4.119332655660902,0.27877394981608683,46.00747299893815,71.50770217428409,0.0613791778706585,0.08050000000000002,0.03600000000000003,135.0,9.503703703703703,3.2504283852552036,0.007407407407407408,0.031760835804328216,62936.460517260515,128706.44409991348,0.5,0.04714045207910316,0.9025000000000001,0.012747548783981972,0.96642175,52470.31359499999,126133.02414044287,498013.4733333333,920462.2589822534,136261.83503291666,381302.4316489801,121738.58333333333,369067.53116758465,217.0,565.7188508277042,0.18480631252572743,0.08932088011798277,0.164,0.31855145638797133,0.144489985911583,0.097,0.29603178445684575,0.301,0.45880742379135825,0.8314999999999999,0.013133925536563689,134.0,11.166666666666666,0.067,8.375,4.964876634922564,11.166666666666666,3.4333480435107053,12.0,0.0,0.0,2.0,0.10606060606060606,2000.0,0.0,12.0,11.0,17.50485232863593,0.75,0.020000000000000018,0.7849999999999999,0.025603819159562023,497796.4733333333,920187.6714711742,69439.0811113129,138891.21310091787,4.251480329751399,3.9420863260712964,0.0030559008996079336,0.003281155271264862,0.2835,0.006,0.0015,0.25,127679.90909444443,382807.0913676845,8.54275092936803,3.4870540769385174,0.06305125968980668,0.07832998382063348,0.04110084816261574,0.058221110944134784,22504990972.507694,54308820554.10993,0.08333333333333333,0.11009770929993633,0.733,0.05056349144063005,2.307226483649576,0.3023681640625,0.8841664897438648
31,0.01706788225070492,0.03997059485376379,1.625517392982004,0.825712504132442,0.02,0.7,0.0,0.8812908992306927,0.27586206896551724,0.0,0.008222390042460165,0.01308070218555052,0.8812908992306927,0.5717403220895741,0.07101765134593728,0.07491593559063242,144.72260755492334,1548.318183213197,0.8730550550550551,398406.7386596097,1781674.037777016,0.619,0.05526702854726716,54.76478885978529,0.9850533658242424,0.02508649129243585,0.4620376391792025,0.6619207603807451,0.986,0.976,0.5,0.282842712474619,123.62774303789286,538.9627136943494,952.6894867625974,93.18733632196815,404.0041877986534,0.693449861190895,0.23867100925167892,50.0,132.7375,582.335437987013,2.490716001571587,0.8193917625711653,2.066184940312522,5.446763641559393,0.14836684955801216,0.243,0.22599999999999998,198.0,9.535353535353535,2.6344578471651383,0.005050505050505051,0.011154088037427123,66866.34740422976,191054.12560845577,0.5,0.02142747821777415,0.737,0.040565447804203465,0.994956,82.840275,363.50522409770826,931.3,4117.411183332505,167.39325,730.6253955442537,119.325,517.9287767281888,13.85,55.74592267365249,0.016092290641110084,0.021907981585397418,0.442,0.44947553033816406,0.10645210057487052,0.3,0.4584868702702512,0.307,0.46148018805140917,0.7250000000000001,0.0334165627596057,197.0,9.85,0.197,11.588235294117647,9.962798449290062,10.368421052631579,8.240890771133566,20.0,3.0,0.0,2.0,0.005263157894736842,1000.0,0.0,20.0,12.0,100.01218212088366,0.611,0.03784471194529327,0.7,0.0,917.45,4061.811580213673,143.0598849811476,630.7394223564246,1.2125834090447376,1.2945360577007496,0.24926209865672716,0.1455995922440853,0.726,0.02,0.001,0.05,128.2685,557.1568734642952,8.562025316455696,2.9433010835442883,0.062372848120913205,0.08144424849027122,0.031163764722419506,0.044632852400686894,398406.7386596097,1781660.5357245503,0.049999999999999996,0.04309952052724694,0.7,0.0,2.3333333333333335,0.3,0.8812908992306927
897,0.11106048288164241,0.12467346931995056,3.18785167481406,0.4850922113807305,0.012919896640826873,0.9440097259062776,0.021988608063161223,0.8809748061658637,0.27647674833423475,0.0,0.0554072306425478,0.07017833881530734,0.8809748061658637,0.3711226052244213,0.46416597385674446,0.3454754007144009,4103.335130196068,4171.977102564334,0.8437672636549942,395380.8536541031,1499734.9237663357,0.9069997052755674,0.03236390989876477,2.926406908079478,0.7307568073607534,0.16339069497320216,0.09816894923800093,3.7803597668940906e-05,0.29198966408268734,0.11627906976744186,0.5,0.2832081423356973,427.40962627547935,655.918074249586,421.12771100242475,404.4120650845155,590.6944019182482,0.6619590520288863,0.30559746621150946,77.4,186.33333333333334,372.01779271324926,3.7677833130822562,0.5764972909064842,6.14908160256084,13.265230676317936,0.0009743342313092151,0.004306632213608941,0.0008613264427217437,20.0,4.85,1.3088765773505315,0.05,0.15463337479406664,148.5714285714286,95.27738537920453,0.5,0.21213203435596428,0.9371794871794872,0.027282274750569126,0.9002849573528419,132.54443999999998,276.7597658910413,2590.0,7389.7704294517835,478.96118288831457,747.0816082478523,439.6666666666667,658.0133158299487,203.93333333333334,256.211259557049,0.3010431678976673,0.22514795788825034,0.11455641688199827,0.2928689582564499,0.12443222395191916,0.06718346253229975,0.250447341017684,0.3479758828596038,0.4765335890436556,0.9147804302976719,0.05305252640063007,19.0,1.2666666666666666,0.01636520241171404,2.7142857142857144,1.3801311186847083,2.375,1.685018016012207,15.0,0.0,0.0,2.0,0.4571428571428572,1161.0,0.0,15.0,13.0,9.589350680423669,0.8098069554966107,0.0870910355649042,0.7485263778367226,0.09270910612111416,2386.0666666666666,7165.744637476541,234.70430494230166,603.8224161500993,1.4404109889555856,1.6304879519386162,0.02026840711161443,0.06355050637713572,0.2049956933677864,0.012919896640826873,0.0008613264427217916,0.06666666666666667,442.96527977044474,658.3163343901421,4.0,1.6858544608470492,0.1586905405756434,0.131011419281668,0.19296875,0.11233369011946176,395380.85365410306,1499564.4990353358,0.06666666666666667,0.2084702425412567,0.6635057471264367,0.11606610804434433,2.336206896551724,0.2997416020671835,0.8809748061658638
13,0.03761363292220558,0.08479152469280614,1.3406505822525108,0.5006200394959206,0.03308823529411765,0.6805555555555556,0.07740387416325388,0.8785777074691535,0.28112076576367273,0.0,0.02706957964155216,0.029864294705084563,0.8785777074691535,0.49167419953375513,0.09639489313194989,0.11909939138803613,0.07645822781757228,0.10047123220333383,0.8778760581723464,1.3799471818247584,1.994893861081751,0.5838624338624339,0.09659848831037046,31.514262040985198,0.9688365395736857,0.03677135392732426,0.5217672722154401,0.7200000000000001,0.9852941176470589,0.9816176470588235,0.5,0.2859623012151479,0.0,0.0,1.0520312550448603,0.0,0.0,0.6670527442963382,0.2711682466303574,30.22222222222222,1.4444444444444444,1.2360330811826103,2.19134955639367,0.5066935561675716,-0.1998145192643966,2.099663397019652,0.17078471886950586,0.25735294117647056,0.2536764705882353,109.0,9.422018348623853,2.9792292626886256,0.009174311926605503,0.011961603091565643,28822.47956487956,46423.62940261083,0.5,0.17515489075263105,0.727910052910053,0.06576038833580546,0.9880379541522492,0.8236666666666667,1.0770839289489005,3.5555555555555554,3.0459444804161775,1.1446078431372548,1.057865681945521,1.0,1.0,0.0,0.0,0.027878733327994103,0.028452271581653,0.47058823529411764,0.45316387422264315,0.21253875121785376,0.3272058823529412,0.4700580025079116,0.375,0.48501531150936256,0.717063492063492,0.06900444297334137,108.0,12.0,0.39705882352941174,7.2,4.0743097574926725,12.0,8.215838362577491,9.0,3.0,0.0,2.0,0.027777777777777776,272.0,0.0,9.0,3.0,47.08864758953422,0.6283068783068784,0.09902688058263784,0.7022486772486773,0.008959409587652586,3.5555555555555554,3.0459444804161775,0.9887481235916127,0.6727665799953784,0.38607759917458634,1.0487376781624886,0.304899992722871,0.16565166876725443,0.4852941176470588,0.03308823529411765,0.022058823529411766,0.6666666666666666,1.0433604336043363,1.032926849265541,8.47004608294931,3.2217829917632064,0.0662589520034354,0.08756011129365415,0.04412393832425459,0.07467178914156372,1.3799471818247595,1.959250410793281,0.1111111111111111,0.06354789542517529,0.7133597883597884,0.04427672821735854,2.3580246913580245,0.2977941176470588,0.8785777074691535
821,0.03982185456213208,0.07771545501617684,3.293135992703891,0.45176901578252937,0.008,0.719,0.041553178779326475,0.8763462289152608,0.2854164380555251,0.0,0.018072668664991184,0.012815071079348653,0.8763462289152608,0.4394164822725374,0.1575058519670969,0.17496190230642808,28.628698341008384,97.50854628540934,0.8565297648824413,45539604.54506538,182158418.12019867,0.671,0.03928528138289621,9.450593132378104,0.969788441143502,0.04341046275486024,0.31033345288485115,0.01871737726501656,0.9845,0.9275,0.5,0.28849956672411137,93.20619149213371,372.0286512483452,9740.605671861442,24.87769795793002,98.73248897331294,0.7364497502836289,0.23413100409910867,125.0,259.0986844375,1036.0403573658916,4.076752991121134,0.4604394931548921,31.585860906464568,55.96098721144017,0.12220602100859412,0.15849999999999997,0.21650000000000003,199.0,9.28643216080402,2.655919029846707,0.005025125628140704,0.018651085809627203,79798.73134447252,319176.82942681684,0.5,0.03197970367175343,0.8185,0.03214982287837851,0.9939045,102.40302785593123,409.3676555028803,38146.821057875,152584.04771811352,439.70730508109375,1757.6295463366375,84.6765925,337.55306794072067,0.3037959375,0.992143866456975,0.09272923049801648,0.04624843388666785,0.2925,0.4319865703404785,0.0799116531472377,0.1875,0.39040998960066325,0.3005,0.45859012467695554,0.716,0.009660917830792967,198.0,12.375,0.099,11.0,10.380978079273309,12.375,4.937948291885339,16.0,0.0,0.0,2.0,0.05,2000.0,0.0,16.0,15.0,34.51346188270518,0.6865,0.027993054694175654,0.704,0.002108185106778922,38146.5172619375,152583.06206369083,1687.168087537,6748.279258356135,2.4199369416054246,4.126394580963304,0.00028194446494525787,0.00040866419177078587,0.5995,0.008,0.0005,0.0625,118.27599078140625,471.94384848654533,8.312342569269521,2.9649763321191482,0.05783486837021055,0.08286029924693983,0.03265346354575612,0.03900022287575014,45539604.54506541,182158418.11974868,0.0625,0.06394219799655684,0.707,0.010055402085998913,2.3787631617974196,0.29596629065531316,0.8763040890338777
843,0.03189749696312054,0.03422802307270724,3.337091420886298,0.36520902732390653,0.004,0.8085000000000001,0.024272755646334545,0.8763462289152608,0.2854164380555251,0.0,0.025643105209349874,0.019984053671965596,0.8763462289152608,0.36606936902385523,0.103071019098119,0.062017761983548456,39.333566896474714,108.09058397673455,0.8624042021010505,14112194.353282625,39915312.999148116,0.6905,0.11228559816626331,6.3325935157843904,0.939404259751534,0.057407614408350384,0.3085847229257111,0.09452845931460359,0.978,0.9525,0.5,0.28849956672411137,70.69214641264172,199.46808737709966,3536.7728193270977,18.97300105890645,53.188953953527445,0.7072011876823298,0.27673925635466134,250.0,191.30028643750003,540.4113604849857,4.075051027206738,0.3991039418533137,60.626404690946984,105.51492247205314,0.11206774410916198,0.14100000000000001,0.119,212.0,9.547169811320755,2.682688315220363,0.0047169811320754715,0.018040307537747644,73121.82161890397,199690.64097371273,0.5,0.013341637380878252,0.8334999999999999,0.017328524974093366,0.99270075,77.1524519889375,217.7355867538889,29589.672185,83686.01803689134,331.23244149675,933.6736208949957,63.9136324375,177.6309196848317,0.17457699999999998,0.3462654882473026,0.13838662259482032,0.07550448086155989,0.298,0.39446960316131296,0.11785033194820917,0.1845,0.3879884244520117,0.3165,0.46522679198858696,0.756,0.0128668393770792,211.0,26.375,0.1055,12.411764705882353,10.210648997060689,26.375,6.13974173491268,8.0,0.0,0.0,2.0,0.0,2000.0,0.0,8.0,7.0,23.11426305746985,0.7095,0.016906606203887665,0.7755000000000001,0.015890248582070717,29589.497608,83685.68451653737,1328.3608826677987,3756.541223546795,3.902636295861572,5.958005898377564,0.00040349477540314107,0.000539086415458145,0.45,0.004,0.0005,0.125,89.71099191645833,250.59101462903536,8.57210401891253,2.9895357893157803,0.062448306835014254,0.0826244584583473,0.03044049245006633,0.03943463325520063,14112194.35328262,39915312.99786404,0.125,0.10712564592380605,0.694,0.015055453054181581,2.3787631617974196,0.29596629065531316,0.8763040890338777
1003,0.017619197328647248,0.022682332128786318,0.741707445314154,0.2831157170546256,0.05964912280701754,0.7603448275862069,0.08569556697504484,0.8611247055579297,0.3140295161591631,0.0,0.029425665139290073,0.04361786010312763,0.8611247055579297,0.5473452890162069,0.09517177591839825,0.07487739643335077,0.017535138592130708,0.016938682251000422,0.866913763281443,0.1953502231137081,0.15856275633232603,0.3150246305418719,0.1333614896621833,40.469618391721646,0.9700747252791231,0.04420374203693062,0.21778671122357943,1.0,1.0,1.0,0.5,0.3051724003015626,0.0,0.0,0.734616967665974,0.0,0.0,0.6091761742444205,0.29411676134826437,16.764705882352942,0.4117647058823529,0.5072996561958923,1.581553850265867,0.2802833651686658,3.419529221525696,9.064934922310039,0.12176743497872156,0.12982456140350873,0.11228070175438598,88.0,8.431818181818182,2.6383356585207167,0.011363636363636362,0.022720728496943253,10910.707425907425,18773.61170811166,0.5,0.1767766952966369,0.8347290640394089,0.042175882462157935,0.982591566635888,0.0,0.0,1.1764705882352942,0.3929526239966879,0.28255933952528384,0.20359994043450774,0.17647058823529413,0.39295262399668784,0.0,0.0,0.021278300606216716,0.029989457912793345,0.4,0.3205625271843249,0.12443222395191916,0.2631578947368421,0.4411219606145191,0.3473684210526316,0.4769715434117751,0.7855911330049261,0.049759553812380744,87.0,5.117647058823529,0.30526315789473685,6.214285714285714,3.7658091668748535,5.117647058823529,3.6892132111938256,17.0,14.0,0.0,2.0,0.0,285.0,0.0,17.0,10.0,33.85745685430608,0.7366995073891627,0.0562106645217631,0.7157635467980296,0.01039812164137113,1.1764705882352942,0.3929526239966879,0.42159540730273326,0.1367772153298384,1.667612521457863,1.6113990074993505,0.46872410936205466,0.06572270999944604,0.3473684210526316,0.05964912280701754,0.04912280701754386,0.8235294117647058,0.1761265909872721,0.26078267223497287,7.485714285714286,2.90828610676765,0.07163811819872791,0.08997837813847552,0.057130293412642044,0.07575231139108013,0.19535022311370806,0.12277300946820359,0.058823529411764705,0.04348189413470875,0.7157635467980296,0.01039812164137113,2.5185185185185186,0.28421052631578947,0.8611247055579296
43,0.014991100051397163,0.004263527896468109,2.4209924897087696,0.24376880535163306,0.010380622837370242,0.6990147783251232,0.045650376216332646,0.8462397385011048,0.3408950954490375,0.0,0.01624218437855641,0.016921860464230606,0.8462397385011048,0.40670798818281884,0.04407800960281603,0.02799064309410867,2.4089973407663714,2.3234671452281184,0.8811274509803921,60.75615948993974,54.61011212372805,0.3146551724137931,0.19638234619002398,20.854907265827446,0.9696977599926578,0.0395042716568908,0.6539837079023957,0.7177068214804064,0.9688581314878892,0.9653979238754326,0.5,0.3205224509876738,17.09219105671728,29.604543322908707,4.991629174699062,16.70395722453194,28.93210260034653,0.6615283320478692,0.3028315679227857,96.33333333333333,9.0,6.082762530298219,3.226654740728655,0.2749557482523576,3.060960824026458,6.754018774926833,0.17813738358502273,0.2768166089965398,0.2768166089965398,99.0,8.646464646464647,2.7896058214456563,0.010101010101010102,0.014501874998101036,40543.89485285956,151185.7988796719,0.5,0.13570736204590303,0.7403940886699508,0.019435771072479846,0.9868536056800086,5.9304,5.34559032100291,48.666666666666664,36.11555528208494,20.549019607843135,27.605705771090108,19.333333333333332,28.36077102854105,10.0,17.320508075688775,0.0405774874812194,0.031399823200545934,0.5397923875432526,0.43479962302176095,0.23235497799345556,0.3944636678200692,0.4895829498881907,0.3356401384083045,0.47303286595352234,0.7474137931034484,0.032523353602117035,98.0,32.666666666666664,0.3391003460207612,5.764705882352941,5.3913056369109915,32.666666666666664,19.857828011475306,3.0,0.0,0.0,2.0,0.0,289.0,0.0,3.0,1.0,58.66344000054919,0.6152709359605911,0.12737057347487835,0.6990147783251232,0.045650376216332646,38.666666666666664,23.96525262402492,7.137279306308773,3.8370698964853998,1.049615018808353,1.5889852725491165,0.042018371715472326,0.03355430725452431,0.4809688581314879,0.010380622837370242,0.010380622837370242,1.0,19.580952380952382,28.201302232681517,7.695431472081219,3.052036697298628,0.06302283921260907,0.07874428610657837,0.048833057133838384,0.07155806479223584,60.75615948993976,54.35124232667348,0.3333333333333333,0.13105051497867917,0.7267241379310345,0.008178304293538911,2.6582278481012658,0.27335640138408307,0.8462397385011047
728,0.01810333099200386,0.02972909199546671,1.1620915494641715,0.8266570311944038,0.012216404886561954,0.932183908045977,0.12205936855723822,0.8078021831424789,0.40558941362146417,0.0,0.019820519277708826,0.038395795042135354,0.8078021831424789,0.489906547594795,0.08706897249069263,0.08573160905916528,0.18397004391768787,0.5541633379326752,0.8736865229011825,13.706869047183181,34.91738004837697,0.6672716273442226,0.26029373930912747,8.81720280217959,0.9337205602395621,0.15579901588063239,0.20085153151010943,0.44155844155844154,0.5863874345549738,0.581151832460733,0.5,0.35663849871363396,281.7986870535836,745.569245728299,14.438467098758501,281.7953268686901,745.5603555147117,0.5356200728774515,0.2951647054854608,81.85714285714286,2.7142857142857144,5.879747322073336,1.8782771279684094,0.6052251898313952,1.1947720344481938,4.74743575811349,0.07497451298083624,0.048865619546247796,0.02617801047120416,47.0,6.8936170212765955,1.8205833101699014,0.021276595744680847,0.08990795259633268,1209.7460317460318,895.0395820852858,0.5,0.28585167750094476,0.8638535995160315,0.18763928425769352,0.9742331624681341,1.6944,4.482961021467842,286.2857142857143,750.3947215267696,282.1313886811269,745.432923600572,282.14285714285717,746.0389687255906,279.0,738.1646157870208,0.09161660463824108,0.2281780683610891,0.18324607329842932,0.2186955384733231,0.22324123727148923,0.12216404886561955,0.32776131031197714,0.13961605584642234,0.34689107622240467,0.8427707199032064,0.1731842397334189,46.0,6.571428571428571,0.08027923211169284,5.111111111111111,2.7131367660166177,7.666666666666667,5.645056834671079,7.0,5.0,0.0,2.0,0.0,573.0,0.0,7.0,3.0,11.684289644358971,0.8606170598911073,0.1383808375671561,0.7522081064730793,0.005858027217323684,7.285714285714286,12.776466461353673,1.8994953671062775,3.432479783447986,1.0296010880321442,1.3199385691005523,0.3743048618048618,0.21419311425855725,0.14136125654450263,0.012216404886561954,0.0017452006980802793,0.14285714285714285,282.0770186335404,745.7190120884328,5.978494623655914,2.156781492145666,0.11053444730950784,0.07221852465515198,0.08917885638297872,0.10178783644725316,13.706869047183185,34.884655670308526,0.14285714285714288,0.3383901387669474,0.7522081064730793,0.005858027217323684,3.035211267605634,0.24781849912739964,0.8078021831424789
350,0.004193484643255212,0.020454503993428814,0.382207704848693,0.3062048191612525,0.05,0.76,0.0,0.7950402793845223,0.4256926952141058,0.0,0.020008908676335882,0.0575584786690925,0.7950402793845223,0.5868563858211645,0.03951559197811893,0.0661296988197392,0.0035309463822820494,0.01038446281892663,0.8619394697348675,0.07996418959479742,0.13227945017606588,0.6735,0.154057168321085,71.09787596767099,0.9847517657139698,0.031031737719336344,0.2076105393619527,0.0,0.9925,0.966,0.5,0.36769552621700474,0.0,0.0,1.1271461139481276,0.0,0.0,0.6580532998893739,0.2315341027163977,20.0,0.1,0.30151134457776363,1.1660656490570416,0.29592299631872554,92.88991043783855,171.04444554336615,0.09250457242776156,0.14200000000000002,0.10450000000000004,373.0,12.648793565683647,4.635357323777561,0.002680965147453083,0.012047624453806853,39683857.81330137,309662684.79946226,0.5,0.04360175862544398,0.8385,0.026357583770562527,0.99594075,0.0,0.0,1.0,0.0,0.138495,0.19946880841450634,0.06,0.23868325657594197,0.0,0.0,0.011182335176173704,0.022659667635676287,0.3245,0.4248775300299808,0.1182127683987984,0.2405,0.42749400646416247,0.277,0.4476284012356638,0.33099999999999996,0.01791957340762081,372.0,3.72,0.186,13.285714285714286,11.491888098284461,4.8311688311688314,3.7536038732011217,100.0,100.0,0.0,2.0,0.0030303030303030303,2000.0,0.0,100.0,90.0,33.17959655359519,0.7685,0.026982504619763443,0.76,0.0,1.0,0.0,0.24417066383857275,0.14335403837567412,6.505405305911123,7.283797332045364,0.4997498749374688,1.1158161231197418e-16,0.441,0.05,0.0225,0.45,0.07733333333333332,0.22693255968287132,11.667114093959732,4.820632779720035,0.035818320888720896,0.061329548755590255,0.016601181561601706,0.03584111710251931,0.0799641895947974,0.07395651713194232,0.01,0.02236802828292765,0.76,0.0,3.1665539779130043,0.24000649104776328,0.795051073603221
179,0.026827297869232783,0.0750884327519597,1.6696552286440742,1.0790081170530337,0.007,0.7605,0.0015811388300841912,0.7942078077187922,0.42698166883087774,0.0,0.03347044376168661,0.0386364725991742,0.7942078077187922,0.47860864900436095,0.04679723590710004,0.0578901029826148,381.40671171299914,1465.5985833770283,0.8571600800400201,827345911.0213306,3095644921.4375505,0.6369999999999999,0.037874060311041985,12.925565041942468,0.9746561144545202,0.037784040667152775,0.3403022327242801,0.34413837620514537,0.986,0.9745,0.5,0.3684026329981912,11191.137449988883,41870.587915651246,9180.459166215473,8681.170732749306,32479.30762219698,0.6318922047977277,0.24256207181283926,142.85714285714286,8596.017857142857,32157.30953580208,2.4024183099511665,1.058829836362481,6.756867346891997,10.290257672818505,0.1273471738683397,0.19999999999999996,0.1915,342.0,12.681286549707602,4.3431478488875515,0.0029239766081871343,0.012933795258934542,5907804.0395865515,28026461.461448655,0.5,0.008270254750719892,0.8099999999999999,0.017795130420052156,0.990946,6374.226900000001,23846.759417375757,73189.78571428571,273815.98850973975,13420.670214285716,50207.44864450271,12578.714285714286,47058.61944169466,983.5714285714286,3679.899490982907,0.061444726411700276,0.05815228266722391,0.313,0.3594375007561963,0.1860801771025926,0.2135,0.4098801664821533,0.335,0.4721085078894584,0.7605,0.004972144630058771,341.0,24.357142857142858,0.1705,14.208333333333334,10.060595395410001,24.357142857142858,31.094414890179834,14.0,1.0,0.0,2.0,0.0,2000.0,0.0,14.0,10.0,26.17328770343649,0.635,0.03822448313726573,0.7605,0.0015811388300841912,72206.21428571429,270136.08902898117,7689.016028297008,28763.156467326673,1.8672119743198206,1.800702861146763,0.1542014907518257,0.12209214079455798,0.388,0.007,0.0005,0.07142857142857142,12465.214345238095,46633.56666566183,11.701317715959004,4.537731811299994,0.04164711499008869,0.07254126678548259,0.017599601494638545,0.03873466526938774,827345911.0213302,3095644921.4324183,0.07142857142857142,0.06933496218009833,0.7605,0.0015811388300841912,3.1717396896167367,0.23970814921385264,0.7945546047909394
957,0.05830190806261267,0.18875294488206468,1.9649136227163195,0.8144447639809361,0.019417475728155338,0.7986643437862949,0.03732107515924891,0.7747817605858327,0.4563113859585304,0.0,0.00989549156580795,0.007480660251298652,0.7747817605858327,0.4514206381158832,0.09304266965387968,0.1524230601950454,471.59967506768527,2267.8683144808424,0.8677391160560319,68084.42079021424,186068.92334256193,0.7405342624854819,0.04067418142200211,37.125647152696054,0.9848282510563992,0.01286924338860697,0.5664428612956859,0.09640905002553661,0.9781553398058253,0.9466019417475728,0.5,0.3844464053053074,112.28174971463373,271.29395405112024,36.64003479100164,68.82551996958986,156.01590127347703,0.5827146538411832,0.2815940099266045,51.5,103.99352599999999,239.4711163841252,2.7188262047151985,0.8138934588169535,3.1103278212649252,4.828556803407526,0.18564392376711247,0.22815533980582525,0.22815533980582525,94.0,10.414893617021276,3.572323645069146,0.010638297872340425,0.0202075483983417,84386.29871043989,218869.35806838324,0.5,0.045134475394886,0.7938443670150988,0.04681835035278076,0.9858316052408332,60.027835898625,163.01382408352703,918.330042125,2182.154527503771,148.08106155400486,356.56224886643867,128.542939625,327.34883311658047,5.428837,7.86841176798275,0.02086917858695342,0.01602833112166673,0.4174757281553398,0.41331566546349296,0.18752453465786192,0.29854368932038833,0.4581756009416891,0.22815533980582525,0.4201534827260663,0.7792102206736352,0.05522088639799384,93.0,11.625,0.22572815533980584,5.166666666666667,3.1107025875572374,11.625,8.846912294289863,8.0,1.0,0.0,2.0,0.03571428571428571,412.0,0.0,8.0,6.0,93.15385538675228,0.6941927990708477,0.05746762536175336,0.759698025551684,0.03716386785225249,912.9012051249999,2180.2978448894582,108.88980338224705,253.49540770050547,0.6264551010674666,1.5376764576390407,0.15257847703566796,0.18220681014640877,0.46116504854368934,0.019417475728155338,0.0024271844660194173,0.125,128.82582520715727,317.64548544490935,9.475935828877006,3.7507287544433705,0.05090856437965889,0.09373789236804482,0.04013994906811004,0.08672712604957881,68084.42079021421,185957.49155018706,0.125,0.07595315712475899,0.7718931475029036,0.011263242150038382,3.382978723404255,0.22815533980582525,0.7747817605858327
934,0.03161743716457632,0.08097713835912171,2.3235046751740507,1.2102820310640119,0.004325259515570935,0.911776611694153,0.047711056355055244,0.7628122983351654,0.47369382869465104,0.0,0.08754469725316211,0.08938651567008088,0.7628122983351654,0.22138511688331708,0.07571822957512972,0.12122997713337266,4.984207792207796,8.155187423475214,0.8581644422474872,403.2396070926767,874.8582026866109,0.8693778110944528,0.05467246095835874,4.751027394472438,0.8666253369571397,0.12694758254382382,0.16275364869930986,0.1311804904194024,0.7162629757785467,0.6764705882352942,0.5,0.3939245390001182,0.0,0.0,58.52686856119736,0.0,0.0,0.8197010215232551,0.3039603877074431,231.2,6.0600000000000005,4.941457274934187,2.9257596382215563,1.2181332357143175,14.989068829958114,37.11110394112616,0.05149276226216026,0.06228373702422141,0.03460207612456745,78.0,7.833333333333333,2.419706253861893,0.01282051282051282,0.054419615493278284,9423.886602286602,28861.97071116123,0.5,0.0,0.8625262368815593,0.22424758028458674,0.9473358496665509,3.55824,2.641775210535522,156.06,330.0394188578086,6.7881487889273355,6.802462522768244,4.0,3.7914377220257753,0.0,0.0,0.16055733528765925,0.19037544643164966,0.12110726643598616,0.24625981373242123,0.1621926342383217,0.07439446366782007,0.2625253253082394,0.31314878892733566,0.46397505009079654,0.9194602698650675,0.07085986434044,77.0,15.4,0.06660899653979238,5.133333333333334,4.627042663464842,15.4,11.610340218959994,5.0,2.0,0.0,2.0,0.0,1156.0,0.0,5.0,1.0,13.471495002151045,0.8988155922038981,0.050339944442421014,0.7785607196401798,0.003483943040066661,156.06,330.0394188578086,11.03218031499878,18.759351154491927,1.4350107297707266,3.2087815402089257,0.2234162857626545,0.25312749929360745,0.18166089965397925,0.004325259515570935,0.0008650519031141869,0.2,4.323314121037464,3.7535815965178485,6.890322580645162,2.712567533267836,0.06521316316090818,0.09363045641098357,0.06373870067107372,0.07689220015412,403.2396070926767,874.6161336854378,0.2,0.322948658390627,0.7785607196401798,0.003483943040066661,3.515625,0.22145328719723184,0.7628122983351655
337,0.04330887552606917,0.03655263881447095,2.5639466502330754,0.018359506382066463,0.1647940074906367,0.7941595441595442,0.01746265484181698,0.7337524087989602,0.5138526965331776,0.0,0.01375805438542449,0.008264059073723589,0.7337524087989602,0.5406438932683886,0.2899192515329268,0.1883755940504418,29.425597079974562,27.45839127030056,0.8380220213454985,99.25565317788852,271.6749963243395,0.7226495726495726,0.09504045099255576,13.15504030185829,0.9591648520018587,0.0314296184627115,0.3128397143200283,3.602690231501081e-19,0.704119850187266,0.0,0.5,0.41578938069770777,63.44681675951677,5.4630824968824925,37.53658605976486,61.497241265328256,6.6376870839253,0.6371072408012164,0.25607439537582116,6.068181818181818,9.454545454545455,2.4419259026770046,3.2419217758035446,0.03900427929948323,5.040432780088053,3.727829942636635,0.07569159602732012,0.101123595505618,0.11610486891385763,28.0,5.964285714285714,1.835496559257908,0.03571428571428571,0.07300601032574866,440.5142857142858,329.29897899346355,0.5,0.05050762722761051,0.767094017094017,0.0942739448103387,0.9513669710614541,6.806481818181819,1.6712085983492955,81.13636363636364,3.2606955249691607,64.58367381681988,4.864710784140356,66.6590909090909,4.361262788209673,18.954545454545453,10.716113807599315,0.05577728322849074,0.03737404444352038,0.39325842696629215,0.46857934718397426,0.04872465001383749,0.299625468164794,0.45895419917778185,0.20224719101123595,0.40242989248580935,0.6961538461538461,0.12892774089620818,27.0,0.6136363636363636,0.10112359550561797,3.375,1.407885953173359,1.2857142857142858,0.46291004988627577,44.0,0.0,0.0,2.0,0.13742071881606766,267.0,0.0,44.0,44.0,44.967578588041114,0.7556980056980056,0.12970048747118607,0.7941595441595442,0.01746265484181698,62.18181818181818,9.98667187915911,9.680521882311409,2.3816086395497584,-1.743939020450076,0.5736800285635064,0.020362786837187168,0.004126259348090034,0.7640449438202247,0.1647940074906367,0.08614232209737828,0.5227272727272727,66.31394692264257,4.478188135990292,5.090909090909091,2.119335389121432,0.1234977637607675,0.08879090489830684,0.13448660714285715,0.12439009814039455,99.25565317788856,50.69413221194648,0.02272727272727272,0.03562045730714725,0.7941595441595442,0.01746265484181698,3.8545454545454545,0.20599250936329588,0.7337524087989602
312,0.015037861039761811,0.023101138935483465,3.4392261358287586,0.6380717986578548,0.05,0.8210000000000001,0.0021081851067789215,0.6778845244622075,0.583733900595115,0.0,0.00697414140754908,0.00876660123262037,0.6778845244622075,0.4707844547115312,0.17948965572715797,0.21952556429646491,0.009938620329784943,0.012667526329957317,0.839615807903952,0.05525578524989607,0.16253370452916607,0.8150000000000001,0.019436506316150983,14.121969659737884,0.9621450447322575,0.02548143471018229,0.04337639097580236,0.0,0.821,0.3435,0.5,0.4539625535217635,0.005973076834230742,0.021935522563339794,1.2163551431190092,0.0013158734294148845,0.005413872640953146,0.7000063288192909,0.20484459065474703,20.0,0.2649307825,0.07448749072945081,4.069108537301362,0.6384626691436933,1.0111198738238176,1.7408404717102728,0.0069168500963205926,0.008000000000000007,0.07750000000000001,60.0,7.533333333333333,2.2659354087961465,0.016666666666666666,0.042618594917809775,3012.4813852813854,3361.374196539628,0.5,0.0,0.991,0.005163977794943227,0.9774945,0.18341245341300003,0.05922036075344672,0.9991151899999999,0.003960858132444728,0.3791954753899999,0.17420941641005291,0.347168,0.2217058252372073,1.1400000000000001e-05,6.123328467030943e-05,0.04800212298960495,0.026268339328946826,0.142,0.4331157195656587,0.06510687407493013,0.0825,0.27519377865043376,0.19,0.3923990169384311,0.8765000000000001,0.02906410539174092,59.0,0.59,0.0295,5.363636363636363,2.5796405669289384,1.5128205128205128,0.8544556553365262,100.0,5.0,0.0,2.0,0.11595959595959596,2000.0,0.0,100.0,65.0,70.64737560823167,0.9525,0.016029486718059427,0.8210000000000001,0.0021081851067789215,0.99910379,0.0039587585450594,0.23198604260173333,0.03811547165757823,0.7071432069451853,0.9543307896177199,0.025009158186394074,0.10946167487845532,0.7525,0.05,0.0255,0.51,0.35404733252500004,0.215402618128967,6.605042016806722,2.555215627887261,0.09452365555973787,0.09871618441685033,0.07693684895833333,0.0923177230214958,0.05525578524989607,0.0222757067650361,0.01,0.03240443893153208,0.8210000000000001,0.0021081851067789215,4.5813953488372094,0.17916666666666667,0.6782506252539504
1004,0.09390756999238391,0.08435010999398752,2.9999989313053406,5.803663949711227e-06,0.1,0.9766666666666666,0.02108185106778919,0.6500224216483541,0.6153846153846154,0.0,0.02268522010685608,0.027147586265090187,0.6500224216483541,0.28076171051548193,0.45564968657712573,0.27301578628400514,55.664093774093885,56.50556476230215,0.8393711741791875,109.32034166019768,618.867982635524,0.9650000000000001,0.049347595536005436,5.958614569425892,0.9144233836606634,0.16401005599384053,0.012656391744634373,7.301740812222042e-14,0.13,0.0,0.5,0.47140452079103173,33.94240280055384,42.919854841530764,34.769913506144974,20.85114911401692,33.16568217430029,0.7885282360133177,0.27825860731674074,10.0,15.669395833333333,7.760117655741885,3.540931829864944,0.1199114525077806,-0.5708726801133933,0.5960082098268036,0.0,0.0,0.0,4.0,2.25,0.9574271077563381,0.25,0.39479718187293944,9.333333333333332,1.5396007178390019,0.5,0.3535533905932738,1.0,0.0,0.6395388888888889,11.591077995,5.7271524831322855,52.82164,6.449145338756662,30.092165470388885,0.748788644031873,30.034975,0.7952112636093547,7.978913900000001,7.529778005764765,0.10908952308875103,0.11991183059566984,0.0033333333333333335,0.29430556084889875,0.0448919710899125,0.0,0.0,0.22666666666666666,0.4190244918420577,1.0,0.0,3.0,0.05,0.005,1.0,0.0,1.0,0.0,60.0,0.0,0.0,2.0,0.43333333333333335,600.0,7.0,60.0,26.0,26.50033959599087,1.0,0.0,0.8333333333333334,0.0,44.84272610000001,13.220858107938371,9.751691244348061,3.8034141043616803,0.033834864913517566,0.2897093619494241,3.5879448952356275e-06,4.029997436180879e-06,0.023333333333333334,0.1,0.04666666666666667,0.4666666666666667,30.076544106481478,0.5950707709066212,1.7142857142857142,1.1126972805283737,0.2580005327400437,0.08275120230510061,0.4375,0.07216878364870322,109.32034166019768,74.9906795863229,0.016666666666666666,0.11569493130578527,0.8333333333333334,0.0,5.0,0.16666666666666666,0.6500224216483541
976,0.018047615911021286,0.012812600211602257,3.5780250039273724,0.023972358263624514,0.007,0.841,0.020248456731316585,0.6390727927547213,0.6272937920734453,0.0,0.010208669459141754,0.01058520235106153,0.6390727927547213,0.4921084796737374,0.23270307313549235,0.15920830224245486,0.19402385358598903,0.577125633242702,0.8415387693846923,20.53341345856788,69.40092090047902,0.8470000000000001,0.021239376429431987,7.791475466846683,0.9204088463287479,0.09527204881548594,0.09609831393465751,0.00517804477167609,0.549,0.236,0.5,0.4780041840821061,33.94240280055384,42.919854841530764,19.429125621248215,20.85114911401692,33.16568217430029,0.7090664449561973,0.16934837053640062,142.85714285714286,2.1453898392857145,5.002415907799856,4.1350757463690275,0.08056644874647824,-0.04560459989488847,1.1209397389267306,0.026501639347917494,0.03400000000000003,0.026000000000000023,65.0,7.492307692307692,2.0700473796138468,0.015384615384615384,0.0671014722052757,3139.30101010101,4421.447142847963,0.5,0.054392829322042084,0.9545,0.01623610517061004,0.9504175,1.5888172234499998,3.7088185875331345,8.644930071428572,23.74799632830007,2.057530393928572,5.77976808294838,1.8386437857142854,5.129342223044115,-0.4546294285714286,0.7055566156798817,0.08202205031306642,0.08275289733657906,0.0395,0.30355462736168953,0.08784887022368339,0.013,0.11330233320349001,0.1875,0.39040998960066325,0.961,0.009067647005823637,64.0,4.571428571428571,0.032,5.333333333333333,3.749747466244368,5.333333333333333,2.2696949467968492,14.0,0.0,0.0,2.0,0.06593406593406594,2000.0,0.0,14.0,11.0,42.62272084482848,0.8549999999999999,0.010274023338281637,0.8379999999999999,0.0025819888974716134,9.0995595,23.226635031133675,1.7181097969485262,4.351314307007299,0.10727964006991295,0.519763077410583,0.003618481722246225,0.0107505202813341,0.2205,0.007,0.001,0.14285714285714285,1.8543015545238097,5.134806625004715,6.558139534883721,2.394352002448242,0.080727301585729,0.07726986802212196,0.07004957932692307,0.08442607662293622,20.533413458567882,69.36388825934988,0.07142857142857141,0.0990218442133858,0.8379999999999999,0.0025819888974716134,5.171623296158612,0.16203192450557172,0.6391484789513524
987,0.03268009592504788,0.02114134338288896,2.6693239635445583,0.5968269822049386,0.044,0.8119999999999999,0.0885437744847146,0.6343095546405662,0.6323851203501094,0.0,0.047664074972103274,0.10992389681539826,0.6343095546405662,0.4342154167547789,0.17948965572715797,0.18343896937826648,6.532362345563858,43.02660391495835,0.8337715430861723,951.5034808401529,4454.639190967499,0.942,0.183412104289766,6.655256875362537,0.9620552526066846,0.037784040667152775,0.09570903083948892,8.184415634134346e-05,0.16,0.0,0.5,0.4808326112068523,11.036391892955164,39.48549997112933,100.19837038511396,5.805777334615741,16.433372021511737,0.6807343059986376,0.21452835297127332,22.727272727272727,12.76659090909091,52.90688858597228,3.208323965673522,0.597444096013191,2.7345612250230227,4.74743575811349,0.021274030688245738,0.026000000000000023,0.04800000000000004,3.0,1.6666666666666667,0.5773502691896257,0.3333333333333333,0.22529388214803642,6.0,0.0,0.5,0.23570226039551584,0.9059999999999999,0.15086417732516885,0.9123600000000001,9.401031818181819,39.31381321097129,29.657727272727275,105.41954133171299,14.541016363636363,53.10438463771038,14.392272727272728,53.13041142696213,1.035909090909091,3.5644082646431343,0.09530955251160203,0.15187258840232912,0.076,0.3938860631224613,0.06763508163868326,0.046,0.2096948828364096,0.192,0.3942675408749434,0.992,0.010327955589886454,2.0,0.09090909090909091,0.004,1.0,0.0,1.0,0.0,22.0,0.0,0.0,2.0,0.05627705627705628,500.0,1.0,22.0,18.0,27.006888010722967,0.914,0.16276772816911017,0.8400000000000001,1.1702778228589004e-16,28.621818181818185,105.21481860308296,7.639983091147465,30.588630834220673,0.7892235532293146,1.2945360577007496,0.051413149104074685,0.21228823871162622,0.442,0.044,0.002,0.045454545454545456,14.455015151515152,53.12503858940918,1.2,0.8366600265340756,0.35355339059327373,0.0,0.5,0.0,951.5034808401531,4449.979719735574,0.04545454545454545,0.16310311852282397,0.8400000000000001,1.1702778228589004e-16,5.25,0.16,0.6343095546405662
940,0.025424967098961342,0.019050736296097295,2.906605176810645,0.21281142214608892,0.0683111954459203,0.9391146589259798,0.04303507454668924,0.6143331287530932,0.6531674175229986,0.0,0.006084305542696021,0.015555590043510538,0.6143331287530932,0.5510231055391113,0.1380073251342592,0.1520062490563163,271.8546767226026,1067.2530910318897,0.843154089797332,2249.6305480655305,7926.371554764627,0.9070029027576199,0.09193498761578062,22.59822839906158,0.9849646939371526,0.027185353608130527,0.3074643538720551,2.646359880890893e-08,0.3927893738140417,0.0,0.5,0.4924254054942371,24.935459046319675,34.634538995408555,56.92312772822851,24.043738178045317,33.73474430049285,0.6318407576221867,0.20074902875697206,14.63888888888889,46.672777777777775,64.99879025736276,3.493753292743061,0.2552057356296277,15.544278179332792,40.18738040375155,0.008490517338634151,0.026565464895635715,0.026565464895635715,8.0,3.125,0.6408699444616557,0.125,0.2611838439372352,23.333333333333332,5.656854249492381,0.5,0.0,0.85177793904209,0.03786481457554618,0.9836459282249963,33.8737035,47.62528838823762,128.59722222222223,121.03636640309182,64.44419302129454,56.141926481148715,62.01138888888889,54.126684844922735,4.772222222222222,7.334404683646251,0.027185012820677756,0.06221818548778667,0.3092979127134725,0.4628896648093408,0.05482857940249813,0.2125237191650854,0.40948206053062647,0.21631878557874762,0.41212529575273926,0.8804426705370103,0.09754911853226295,7.0,0.19444444444444445,0.013282732447817837,1.75,0.9574271077563381,1.75,0.9574271077563381,36.0,0.0,0.0,2.0,0.03650793650793651,527.0,0.0,36.0,22.0,105.91939694800482,0.6307692307692309,0.2149643966365704,0.8481857764876632,0.001402165142350232,123.82499999999997,123.13043345516631,29.598655459508638,37.58715781828145,0.4287585830756135,3.3860568715960535,0.014537283404122935,0.022846155258988754,0.9070208728652751,0.0683111954459203,0.018975332068311195,0.2777777777777778,62.85103925692254,54.82662518926996,2.4,1.1212238211627763,0.24337065668081773,0.1481265199364758,0.359375,0.08010874305770696,2249.63054806553,4384.840348763072,0.027777777777777776,0.1393690420364168,0.8481857764876632,0.001402165142350232,5.5875,0.15180265654648956,0.6143331287530931
968,0.0449763050726211,0.06044033871882324,2.7842393122871005,0.028832482685190185,0.00821917808219178,0.835885885885886,0.037571222790417025,0.5977108006800617,0.6697852286002416,0.0,0.025502260108730784,0.04392877526762478,0.5977108006800617,0.4136132304453357,0.06500774992668205,0.06437583145131746,223.3278338100256,197.33267417411676,0.8524010236339004,223006.5963921922,386182.25157124724,0.8436186186186185,0.049421795142998166,5.549213007077647,0.8815531820076412,0.20511835793606356,0.17911863400816816,0.33109619686800895,0.2684931506849315,0.26575342465753427,0.5,0.5017552228145639,3031.545133834478,5250.790197239508,1381.8739155154785,3018.7080340079233,5228.555688118082,0.5240364173179402,0.24129655997503677,121.66666666666667,390.6666666666667,658.483358433099,3.2742391997407783,0.16686006036669365,-1.0693387756551915,0.3176085787611807,0.051368570238527145,0.09589041095890416,0.0931506849315068,34.0,6.676470588235294,1.770474824777054,0.029411764705882353,0.12103435739733832,786.0126984126985,787.0125429240084,0.5,0.04159451654038516,0.8985735735735737,0.03887096142794803,0.915751548132858,299.9794,505.4694897936769,3583.6666666666665,6172.459828409848,3050.4995433789954,5266.876299226656,3079.3333333333335,5316.24362998286,2378.3333333333335,4119.39417066798,0.10771091322638397,0.1855168790661705,0.29315068493150687,0.2885463295900645,0.22381302607968853,0.2684931506849315,0.4437839020724752,0.19726027397260273,0.3984767020433607,0.8906156156156155,0.03831371377700296,33.0,11.0,0.09041095890410959,3.3,2.6267851073127395,11.0,4.0,3.0,0.0,0.0,2.0,0.0,365.0,0.0,3.0,0.0,24.849184905110402,0.8436186186186185,0.052603828838346925,0.835885885885886,0.037571222790417025,1205.3333333333333,2053.081911014106,276.6737364890727,468.7081820216617,-0.08104491989621758,0.21738453663645654,0.03941604510440916,0.04489943082658589,0.2821917808219178,0.00821917808219178,0.0027397260273972603,0.3333333333333333,3071.1019786910197,5302.6232545948415,5.791044776119403,2.0636633610309825,0.09113134771062541,0.10784017216114183,0.09070542279411764,0.1012891855006143,223006.5963921923,386181.9570128899,0.3333333333333333,0.3229274577970251,0.8548798798798798,0.011854837992586728,5.886792452830188,0.14520547945205478,0.5977108006800615
336,0.051362171185441764,0.10222222951022521,0.9045824241644079,0.10979472421418272,0.09649122807017543,0.8553359683794465,0.020321485192897327,0.596510991708588,0.6709618039576623,0.0,0.025645995630920196,0.0177887858183028,0.596510991708588,0.5482802491883829,0.16506387899202382,0.15144075748136487,0.03625319472757452,0.034907532176446876,0.8523842646263236,0.2195959713059179,0.23839970658235698,0.8553359683794465,0.020321485192897327,27.679719352222822,0.9743539452130531,0.01778878612339881,0.3397181945855736,0.0,0.8333333333333334,0.7543859649122807,0.5,0.5024179761062312,0.0,0.0,1.0014590450259435,0.0,0.0,0.5837547412396349,0.22967084661259773,10.363636363636363,0.8636363636363636,0.3512500866571044,1.479542944781941,0.11375875126493694,-1.2893556156949058,1.00485918037934,0.09743703013634375,0.14473684210526316,0.14473684210526316,60.0,8.816666666666666,4.139481940347521,0.016666666666666666,0.034880820267866736,47582.91066319301,105416.76673829375,0.5,0.23570226039551584,0.842292490118577,0.041253412119716976,0.967316866728224,0.0,0.0,1.0,0.0,0.39453748006379585,0.1456326375919743,0.22727272727272727,0.42893202722888846,0.0,0.0,0.0215504710910548,0.014773564135777007,0.2807017543859649,0.44495695656733386,0.1986485947322053,0.23684210526315788,0.4260800028070129,0.17105263157894737,0.37738345266514695,0.43873517786561267,0.11139110085822529,59.0,2.6818181818181817,0.25877192982456143,3.4705882352941178,2.0036730976765997,2.6818181818181817,1.3232846447693145,22.0,22.0,0.0,2.0,0.05194805194805195,228.0,0.0,22.0,3.0,40.97506496922395,0.76798418972332,0.1473659993024867,0.8553359683794465,0.020321485192897327,1.0,0.0,0.46697628992991136,0.04002413015187299,0.49571699181645246,0.7020766070253633,0.49779735682819387,0.0,0.21052631578947367,0.09649122807017543,0.07894736842105263,0.8181818181818182,0.3313570487483531,0.2316594605255369,7.899159663865547,4.2812063838841095,0.0570510626081502,0.08940093814396571,0.07665278116861979,0.09222533903150816,0.219595971305918,0.0350458650066634,0.04545454545454544,0.025924863865484354,0.8553359683794465,0.020321485192897327,5.909090909090909,0.14473684210526316,0.596510991708588
949,0.2009955367010654,0.37719733980095255,2.97989423108056,0.03256712351109845,0.007155635062611807,0.7925974025974025,0.20319965430797052,0.5923330028993273,0.6750352992058208,0.0,0.009675888489592624,0.004755640854917709,0.5923330028993273,0.35479830609509433,0.23737723183791215,0.36979158619565855,1328821.293135783,2884361.2721354817,0.8649405941228897,8185798846.27293,16371553437.144909,0.6621103896103897,0.21821236440555028,12.48254285297665,0.9709703043697534,0.03577682700234291,0.4008877967524963,0.6520199227900382,0.9230769230769231,0.9194991055456172,0.5,0.5047148581277862,101.39453634071762,171.7813796392858,102233.1273278765,55.29133128436831,83.32874707044657,0.6163150393416875,0.2575712459264223,139.75,226.375,233.95347650049285,3.524774322351542,0.058019735978076616,25.489319124760915,53.30655378014522,0.11993677954673398,0.13416815742397137,0.13059033989266544,89.0,10.07865168539326,3.4385009917811686,0.011235955056179778,0.0372687048159574,49760.70671550671,94554.30222666728,0.5,0.023835060039996,0.8605194805194806,0.027418441901691102,0.9603047865310211,158.63819999999998,161.70991260525741,649146.875,1297588.1485122296,5953.461314847943,11650.406198197825,171.125,160.25728012584432,7.875,10.633085159068369,0.04745291162834475,0.026072906526992155,0.2826475849731664,0.28764185467113873,0.21959607141503681,0.2003577817531306,0.4006265890795416,0.2504472271914132,0.43365866239669243,0.8693831168831169,0.033841093203575694,88.0,22.0,0.15742397137745975,5.5,2.8284271247461903,22.0,12.622730819174325,4.0,0.0,0.0,2.0,0.16666666666666666,559.0,0.0,4.0,1.0,61.796868070379865,0.6831493506493506,0.11195692074062341,0.8568831168831167,0.000821370820822956,649139.0,1297587.4001181321,45310.38037045619,90426.90069485236,2.5161202846684745,4.74404026078777,0.030488823429089214,0.03169490510044519,0.2629695885509839,0.007155635062611807,0.0017889087656529517,0.25,179.28523738872403,168.68632627019187,9.141242937853107,3.623995884876307,0.05696375236613014,0.08662792205639093,0.045284314102001406,0.0898480853464588,8185798846.272941,16371552374.482635,0.25,0.10920235269044572,0.7908116883116882,0.22829865588425066,5.9875,0.14311270125223613,0.5923330028993273
958,0.13319047031497494,0.1817967500019044,3.0612674497403654,1.2440520039161695,0.0095,0.9315000000000001,0.011067971810589291,0.5907488257630624,0.6765703320154179,0.0,0.04609879826215948,0.11142053678802347,0.5907488257630624,0.2423367542543755,0.17948965572715797,0.18343896937826648,190.05059936820666,421.2997671249886,0.8535892946473237,1170.2568455764044,2494.531500998087,0.9040000000000001,0.015420044674960515,3.904581008706861,0.9620552526066846,0.037784040667152775,0.0746838095800084,8.184415634134346e-05,0.262,0.0,0.5,0.5055813485483815,33.94240280055384,42.919854841530764,79.83531280369812,20.85114911401692,33.16568217430029,0.7477160747025547,0.2943351955727341,105.26315789473684,27.470187921052624,35.6064802683864,3.500719932964819,1.1835087339181376,2.7345612250230227,4.74743575811349,0.0026209865028121726,0.0024999999999999467,0.02400000000000002,18.0,5.0,1.6087993330796875,0.05555555555555555,0.1379971108914208,157.0095238095238,108.6368400921625,0.5,0.15713484026367727,0.9804999999999999,0.007619419633774981,0.86841825,18.351769187242105,25.04483850218302,200.6265802631579,363.91167148839236,24.669322816368425,39.2305285418973,19.44460484210526,37.618597192094974,-4.107588421052632,14.262996773379578,0.15129634253860944,0.13246306974302016,0.0085,0.1370907038870797,0.09419593337738412,0.0025,0.04994994993740609,0.148,0.3551887942204397,0.835,0.03045944480416176,17.0,0.8947368421052632,0.0085,2.4285714285714284,0.7867957924694432,1.7,0.8232726023485646,19.0,0.0,0.0,2.0,0.2222222222222222,2000.0,1.0,19.0,15.0,19.233585282864045,0.992,0.006324555320336764,0.8574999999999999,0.0026352313834736517,204.73416868421052,361.68108808958794,25.220349178849116,23.745907044505415,0.7892235532293146,1.2945360577007496,0.08457687103165315,0.24006421715446208,0.035,0.0095,0.002,0.21052631578947367,20.989695811666667,38.40203326261701,4.171428571428572,1.8862616979828941,0.1403865772408727,0.09889816868469592,0.1909722222222222,0.13789794057160132,1170.2568455764044,1477.757473635207,0.05263157894736842,0.13443134405478036,0.8574999999999999,0.0026352313834736517,6.023569023569023,0.14237775647171622,0.5904322276690029
765,-7.007578973336675e-08,1.3534987204163826e-08,2.476657067549659,0.26799844205403334,0.00631578947368421,0.865336879432624,0.00964779077688623,0.5702873371274225,0.6959373934353272,0.0,0.031795288678495376,0.026728904910450678,0.5702873371274225,0.47679125054779337,0.0,0.0,0.0,0.0,0.8631845436375749,11.357243319268635,16.199912616502157,0.7727393617021276,0.05751757518132203,5.596135473895608,0.9955545417680454,0.007280257917600279,0.8966313358659856,1.0,1.0,1.0,0.5,0.5165601117299621,2.6429822816217152,4.5777795952731255,0.5721879007704959,1.7851742081977795,3.092012428960095,0.44028568549254987,0.25444782483938566,158.33333333333334,4.666666666666667,4.618802153517007,2.945037054544539,0.35264205028274076,-1.276170105263158,0.053659375427553904,0.11873840445270645,0.13473684210526315,0.13473684210526315,52.0,7.288461538461538,2.379129338698594,0.01923076923076923,0.046721236614344616,3283.405527805528,6753.341664884025,0.5,0.1087856586440842,0.865336879432624,0.00964779077688623,0.9551423822714682,3.4594,3.4239180364021564,9.0,8.660254037844387,4.666666666666667,4.618802153517007,4.666666666666667,4.618802153517007,0.3333333333333333,0.5773502691896258,0.1019073501325427,0.08464573992996999,0.13473684210526315,0.20424611315008967,0.1590114720990497,0.07789473684210527,0.2682884285231358,0.23157894736842105,0.4222861124134752,0.865336879432624,0.00964779077688623,51.0,17.0,0.10736842105263159,3.923076923076923,2.8125178062114395,17.0,14.177446878757825,3.0,0.0,0.0,2.0,0.0,475.0,0.0,3.0,0.0,23.30302686046168,0.8796099290780142,0.05634692695881266,0.865336879432624,0.00964779077688623,8.666666666666666,8.082903768654761,2.771469773595102,2.34825422813971,0.0,0.0,0.1490857946554149,0.08526269798159031,0.15789473684210525,0.00631578947368421,0.00631578947368421,1.0,4.666666666666667,4.618802153517007,6.368932038834951,2.6457153347612627,0.0738314236981391,0.07881502024863175,0.0833599384014423,0.09453130246318793,11.357243319268635,16.199912616502157,0.3333333333333333,0.19025701375648132,0.865336879432624,0.00964779077688623,6.421875,0.13473684210526315,0.5702873371274224
1065,0.3015404126309469,0.16903843619019365,2.124631060556254,0.6043236002122269,0.1196319018404908,0.8496212121212121,0.04251836525599783,0.5626310156617128,0.7029705386999927,0.0,0.02158457264440114,0.01983121004648231,0.5626310156617128,0.3554606992699526,0.5540997827313526,0.3225131744828639,331119.24184758606,5898358.544585609,0.8334874941009911,68658389.77721255,428747926.8813736,0.8464962121212121,0.04142792503593908,10.963943130324594,0.9421669446712025,0.030263001290240656,0.24099657149562637,1.3123898210147403e-05,0.8987730061349694,0.39263803680981596,0.5,0.520569409462489,4.146541574514578,11.548384735576178,36688.50297989509,1.9079470060689794,4.424647110825589,0.7314243271851927,0.3150026033264617,8.35897435897436,354.1641025641026,1919.350327802018,2.6359455919044397,0.5921820717245688,14.23655960166756,18.310013420967937,0.08876614783356929,0.10429447852760731,0.1073619631901841,43.0,9.790697674418604,4.81840785566829,0.023255813953488372,0.05352208258317459,70131.98677401029,153245.33076294817,0.5,0.01644434374852439,0.8712121212121213,0.023827366750966677,0.9679796002860477,140.46342476923078,730.6469738022397,16179.20153846154,93280.61627220304,551.3680265848672,3067.3194508594856,102.22423076923077,514.2958395089687,0.29435897435897435,0.5062233482096659,0.05131648431352779,0.02159266266053183,0.26380368098159507,0.33565752878768834,0.18896721952075032,0.17177914110429449,0.3777682158644555,0.16257668711656442,0.3695462314486702,0.8185606060606061,0.056986633008976995,42.0,1.0769230769230769,0.12883435582822086,2.3333333333333335,1.0846522890932808,1.75,1.224744871391589,39.0,0.0,0.0,2.0,0.534412955465587,326.0,0.0,39.0,37.0,40.40250621175485,0.7913825757575758,0.05337686257495926,0.8711174242424242,0.019542430288958842,16178.90717948718,93280.66771476634,1446.836349047776,8265.395714243272,2.71275027830976,1.9190485751191426,0.03312461065610496,0.04563364893274449,0.3496932515337423,0.1196319018404908,0.003067484662576687,0.02564102564102564,147.0008097854527,763.2539785545869,8.91764705882353,4.882455872830809,0.05346240306862958,0.11203701245067925,0.08639969936636992,0.12796068205229655,68658389.77721256,427159812.2782749,0.02564102564102564,0.03815412195853972,0.8712121212121213,0.018727773957312264,6.5813953488372094,0.13190184049079753,0.5626310156617128
767,-7.007578973336675e-08,1.3534987204163826e-08,2.476657067549659,0.26799844205403334,0.00631578947368421,0.871586879432624,0.006261882388793922,0.5530919600687172,0.7115756893962322,0.0,0.02737705420570025,0.02239583594021086,0.5530919600687172,0.476816660987435,0.0,0.0,0.0,0.0,0.8620208749722407,11.357243319268635,16.199912616502157,0.7306294326241134,0.06892284685792391,6.4354564250244435,0.9915749320239698,0.01041607090074362,0.8126846675991173,1.0,1.0,1.0,0.5,0.5254919868607395,2.6429822816217152,4.5777795952731255,1.23467223098618,1.7851742081977795,3.092012428960095,0.43456746675217095,0.255374297430774,158.33333333333334,4.666666666666667,4.618802153517007,2.943804546987911,0.33608001467519333,-1.276170105263158,0.053659375427553904,0.11380597014923,0.128421052631579,0.128421052631579,54.0,7.481481481481482,2.4007918563229182,0.018518518518518517,0.03965750961713727,3560.9801309801314,6870.273617525386,0.5,0.07856742013183865,0.871586879432624,0.006261882388793922,0.9586349030470914,3.4594,3.4239180364021564,9.0,8.660254037844387,4.666666666666667,4.618802153517007,4.666666666666667,4.618802153517007,0.3333333333333333,0.5773502691896258,0.08594448063046538,0.06819553427518871,0.13473684210526315,0.21080183307122202,0.16555386317268406,0.0863157894736842,0.2811258732431197,0.18105263157894738,0.38546775159464575,0.871586879432624,0.006261882388793922,53.0,17.666666666666668,0.11157894736842106,4.076923076923077,2.7221786146864817,17.666666666666668,14.0118997046558,3.0,0.0,0.0,2.0,0.0,475.0,0.0,3.0,0.0,27.81694146478721,0.8188386524822695,0.04030631576169695,0.7992464539007091,0.22858137587746508,8.666666666666666,8.082903768654761,2.771469773595102,2.34825422813971,0.0,0.0,0.1490857946554149,0.08526269798159031,0.16210526315789472,0.00631578947368421,0.00631578947368421,1.0,4.666666666666667,4.618802153517007,6.5607476635514015,2.6641490201870006,0.07412002619455979,0.07665027245351785,0.07907895688657407,0.09669871643461989,11.357243319268635,16.199912616502157,0.3333333333333333,0.20428929418172545,0.871586879432624,0.006261882388793922,6.786885245901639,0.12842105263157894,0.5530919600687172
764,-7.028988718570958e-08,1.3350857642112057e-08,2.4746020635787556,0.2644390707666726,0.006666666666666667,0.8777777777777779,0.011712139482105068,0.5357150195407703,0.7268154668343287,0.0,0.025367122234873182,0.020646112403037396,0.5357150195407703,0.4769610548911376,0.0,0.0,0.0,0.0,0.859846572630537,10.328507795100222,14.417683503983694,0.7088888888888889,0.0758671859500407,6.648968141976864,0.9927226649850782,0.003954718281930617,0.8286671246210499,1.0,1.0,1.0,0.5,0.5342584568965025,2.5177279547022686,4.360832737180802,1.0763529762429056,1.71668511123592,2.9733858332576433,0.4008081129576646,0.25963973832838977,150.0,4.333333333333333,4.041451884327381,2.929745931611272,0.3285451343985486,-1.2768275952044235,0.05320784786767635,0.10891089108911123,0.12222222222222223,0.12222222222222223,57.0,7.842105263157895,3.27211963676349,0.017543859649122806,0.043912861065248956,25376.80587908823,87226.72545203415,0.5,0.1364592033868776,0.8777777777777779,0.011712139482105068,0.959046913580247,3.2122999999999995,2.995928281851887,8.666666666666666,8.082903768654761,4.5,4.330127018922194,4.5,4.330127018922194,0.3333333333333333,0.5773502691896258,0.08057115150825374,0.06410935657185833,0.16666666666666666,0.22389085875823175,0.16778082223413773,0.1,0.30033388991969995,0.18666666666666668,0.3900773722576571,0.8777777777777779,0.011712139482105068,56.0,18.666666666666668,0.12444444444444444,3.2941176470588234,2.9104275004359956,18.666666666666668,17.009801096230763,3.0,0.0,0.0,2.0,0.0,450.0,0.0,3.0,0.0,29.713251793667812,0.8155555555555555,0.10582486761772969,0.8044444444444444,0.23606281277978414,8.333333333333334,7.505553499465135,2.675158917579781,2.181295221007554,0.0,0.0,0.14996288047512993,0.08358077393613737,0.18666666666666668,0.006666666666666667,0.006666666666666667,1.0,4.5,4.330127018922194,6.920353982300885,3.467042772719059,0.05780765915631225,0.08520565797053731,0.07867297791598137,0.08892040020190395,10.328507795100222,14.417683503983694,0.3333333333333333,0.1455517489546627,0.8777777777777779,0.011712139482105068,7.181818181818182,0.12222222222222222,0.5357150195407703
962,0.245433142382342,0.2011981703281798,2.5943160203956026,1.1199734164052217,0.0031779661016949155,0.9511398176291793,0.0679106442285464,0.4875229918975016,0.7663137376511762,0.0,0.09129251326121755,0.07149131216797185,0.4875229918975016,0.24815206616006402,0.5691573189704591,0.3216515136844051,6674.892016678784,24154.1979682249,0.8400159880718205,2423916.896058462,5937341.89051278,0.9416328942924688,0.054596760607207466,2.2062102518902673,0.8524628312827273,0.06709600488891646,0.122602486354355,0.0,0.4475635593220339,0.0,0.5,0.557296022460584,872.0575945833803,2060.161349853331,4921.807224653492,696.3577313738678,1630.9169104124994,0.5239266886214095,0.36485737916602407,314.6666666666667,1049.7565519583334,2548.5370954033556,2.860861437068895,1.1004518778900627,-0.5674896704538303,0.47650414429027427,0.0015782908762577152,0.0015889830508474256,0.014300847457627164,14.0,4.785714285714286,1.7619295117556786,0.07142857142857142,0.2057284389009115,113.63809523809523,78.66154574503847,0.5,0.10101525445522107,0.9687774400540358,0.09317104589046551,0.713623678091784,765.7744034933999,1860.7624217408236,2969.839272333333,7154.244887475602,1072.129441011741,2547.667818496319,948.1200790833333,2246.6103687414916,256.6978218333333,580.827260593139,0.2209775752242085,0.07194120128158031,0.004766949152542373,0.042231801018330024,0.05380889905273441,0.0015889830508474577,0.039840920095658,0.2833686440677966,0.4507532266581445,0.9984070696836653,0.0025648729202392756,13.0,2.1666666666666665,0.006885593220338983,1.8571428571428572,0.6900655593423543,3.25,1.2583057392117916,6.0,0.0,0.0,2.0,0.7333333333333333,1888.0,0.0,6.0,1.0,10.74017778846272,0.9596701564786672,0.04647995873481516,0.8940673195992345,0.00023732805434865484,2713.1414505,6574.397169726271,640.2795218718567,1554.5902469512694,0.5092975866980307,0.4329749727212038,0.10694360267959678,0.13428585842916008,0.007415254237288136,0.0031779661016949155,0.0005296610169491525,0.16666666666666666,989.9173056681365,2348.434247778335,4.0,1.9611613513818404,0.13307448978907063,0.128632303412656,0.21316964285714285,0.16276757081346543,2423916.89605846,5937044.232458782,0.16666666666666666,0.27056380524087104,0.8408758302375323,0.1683645701501686,8.44,0.1059322033898305,0.4875229918975016
1002,0.10534931250118139,0.17710505267906526,1.2557577929341377,0.9056992243577716,0.0275,0.8945000000000001,0.0015811388300841912,0.4861915726030472,0.7673503147262809,0.0,0.030814773613338155,0.09290664918712412,0.4861915726030472,0.39542714010883717,0.17948965572715797,0.18343896937826648,878671748.2507265,11364725997.522282,0.8495252626313157,17234228829.26975,100118039769.56366,0.8254999999999999,0.043871656251185935,24.506025667810167,0.9620552526066846,0.037784040667152775,0.2898782501660853,8.184415634134346e-05,0.5625,0.4285,0.5,0.557907250356186,33.94240280055384,42.919854841530764,538323.0270878818,20.85114911401692,33.16568217430029,0.7970581299466442,0.3005234228768864,36.36363636363637,19219.104545454546,122020.42242204721,1.7221096910345306,0.8954933482516647,2.7345612250230227,4.74743575811349,0.09459843969223891,0.10450000000000004,0.10399999999999998,176.0,14.880681818181818,4.791954160394763,0.005681818181818182,0.03343143788354068,8716494.627847858,29005012.536085814,0.5,0.008035304331665345,0.8875,0.010069204977995487,0.930725,813.2465345454546,3394.5031552812898,114575.03636363636,313521.7755487773,30250.585990909098,98393.87415665782,18926.70909090909,134777.25265547686,-36.09090909090909,2700.0350976643854,0.01983967450265438,0.024064177140347212,0.2215,0.30098840674832056,0.189231283279881,0.157,0.36389175396579426,0.169,0.3748456410675115,0.4165,0.03844548810400975,175.0,3.1818181818181817,0.0875,7.0,4.681523968396046,4.375,4.179850935877241,55.0,8.0,0.0,2.0,0.06734006734006734,2000.0,2.0,55.0,38.0,62.29528202522313,0.834,0.013703203194062989,0.8945000000000001,0.0015811388300841912,114611.12727272727,313637.1932517792,43778.62440652897,124905.24913270732,0.7892235532293146,1.2945360577007496,0.2117464035465449,0.22358950458346458,0.3485,0.0275,0.001,0.03636363636363636,17048.311136363638,83035.25792111545,13.925925925925926,4.924015223973818,0.034833276597678424,0.08462496482582542,0.013543908907608553,0.0606800074078342,17234228829.269737,53687122502.37529,0.01818181818181818,0.025138642430925888,0.8945000000000001,0.0015811388300841912,8.460176991150442,0.10570626753975679,0.4868273433495721
1019,0.05899945171301795,0.04442826402945425,3.2389422047556797,0.3390958639613494,0.008,0.8959999999999999,0.002108185106778922,0.4815485438118001,0.7709431290804688,0.0,0.018444200423681764,0.019014474701591025,0.4815485438118001,0.3726623881496618,0.2705424476558372,0.2080791496256201,245.6409837356178,219.0939077957779,0.8404947473736868,949.3463622748874,1375.393083627733,0.8745,0.018325756009871297,5.079228661747445,0.9369746654935782,0.06117360461404443,0.07965824324114502,8.184415634134346e-05,0.406,0.055,0.5,0.5600285706997457,0.0,0.0,112.48169323568155,0.0,0.0,0.6568590483043104,0.25139534869454805,125.0,50.0,19.200694431886227,3.625683332741052,0.3602914058526745,-0.6173794230759106,0.9896940547389117,0.003567949763960465,0.005499999999999949,0.01100000000000001,33.0,5.7272727272727275,1.5056710977319894,0.030303030303030297,0.11530326449424709,418.05714285714294,310.5500846917302,0.5,0.06428243465332248,0.9685,0.006258327785172869,0.814199,32.524537499999994,12.377342348440557,100.0,0.0,50.674875,16.292036243207907,49.65625,22.441567644291993,0.0,0.0,0.09480741582642774,0.041814024611006105,0.013,0.18794967206677246,0.09186640624568126,0.0045,0.06694767356299808,0.1165,0.3209037856115286,0.968,0.009775252199076795,32.0,2.0,0.016,4.0,2.2038926600773587,2.0,1.0954451150103321,16.0,0.0,0.0,2.0,0.125,2000.0,0.0,16.0,3.0,33.16338454668457,0.9974999999999999,0.004249182927993991,0.8959999999999999,0.002108185106778922,100.0,0.0,30.06351228956744,6.96900498607292,-0.03244265081466548,0.6267688484063179,0.00976558037157183,0.0009232187192553884,0.0615,0.008,0.0045,0.5625,49.9721875,20.082121998681,4.8307692307692305,1.8921650196371513,0.13307448978907063,0.12863230341265597,0.13589015151515152,0.09319782443841944,949.3463622748874,405.7589021831421,0.06249999999999999,0.10536108098811983,0.8959999999999999,0.002108185106778922,8.608391608391608,0.10407569141193596,0.4817836662695727
954,0.11908812293300879,0.08393356213332849,2.985549766855397,0.14409833150728557,0.18832391713747645,0.9377707896575821,0.039869200837174795,0.480236526174328,0.7719522127516867,0.0,0.022233007901987265,0.01851080309518785,0.480236526174328,0.37442415758518566,0.5220978151810364,0.2922288257002128,947314.3569226521,1353143.9303181965,0.8223075009771523,2681329.088667192,17222265.91876322,0.9039482879105523,0.03140011325414252,4.457195018728456,0.9473303816721493,0.061344311353346004,0.10689535028020587,1.4445393182712544e-64,0.22033898305084745,0.0,0.5,0.5606251504322721,33.94240280055384,42.919854841530764,17926.246695312868,20.85114911401692,33.16568217430029,0.5801243843102144,0.23992063832032837,5.31,1365.0732825999999,1387.2396518055257,3.358042179488261,0.15091170234137855,5.643376563754347,4.854776732195469,0.0003192497611756995,0.0037664783427495685,0.030131826741996215,12.0,3.8333333333333335,0.8348471099367218,0.08333333333333333,0.22854814554942787,48.13333333333333,15.801802735668156,0.5,0.11785113019775793,0.8982879105520615,0.029820733410031525,0.7785722138877362,1002.53834422392,1041.9442625462104,10113.036955,6155.710355084438,4677.627308018852,3390.9218030618276,4601.157321499999,3478.406334966912,933.9753621200002,946.3214409043316,0.10774411354146433,0.07141890798398148,0.1016949152542373,0.30122099446309686,0.12254726512792684,0.0583804143126177,0.23468247177638407,0.12052730696798493,0.32588414527208137,0.8342417889587701,0.05405029767859458,11.0,0.11,0.02071563088512241,2.2,1.3038404810405297,1.2222222222222223,0.4409585518440984,100.0,0.0,0.0,2.0,0.5325252525252525,531.0,0.0,100.0,97.0,26.709632282662344,0.9698462613556954,0.02699463887942547,0.9077218728162124,0.030089720885860198,9179.061592880002,6320.975614932378,1314.8256625314368,980.9099907306024,0.9495262986545613,1.7793256612400208,0.0025016073486907255,0.024857021971746253,0.22598870056497175,0.18832391713747645,0.007532956685499058,0.04,4617.621659848275,3483.164132793108,3.0434782608695654,1.296087148780205,0.2008385330236959,0.10799834436443255,0.2760416666666667,0.09685514214849958,2681329.088667192,4878845.61616034,0.009999999999999998,0.05797595002159409,0.8964360587002098,0.009743354330081555,8.654545454545454,0.10357815442561205,0.480236526174328
757,0.3195145209534457,0.09656545563362602,2.60366660304991,0.6725984120982756,0.03977272727272727,0.8194121915820028,0.17583810600207084,0.4761588445580706,0.7750711800063271,0.0,0.013552544269294206,0.007579711693135399,0.4761588445580706,0.42147394934131466,0.22756957332994682,0.20002511432642953,334888.5780532379,4800168.59967282,0.8283882467943189,11147975.9938898,49618551.508063935,0.8769593613933238,0.025246882844772216,9.462017586536152,0.9750070470523345,0.02340122537385746,0.30496555875193543,0.04306936154859306,0.7272727272727273,0.6534090909090909,0.5,0.5624713032165719,308.26667220692934,1007.8673275111792,14054.540163892194,138.19725067356356,431.9884037713224,0.650177917855272,0.26039244678705015,25.142857142857142,1132.9790342857143,3929.070890405032,3.02950226439644,0.6662037399411253,3.5090954938249648,4.744628019976033,0.09273473750764671,0.10227272727272729,0.10227272727272729,73.0,7.712328767123288,2.1888572110603652,0.013698630136986299,0.03888284245281932,4228.0300144300145,5498.697893663561,0.5,0.14529591394244126,0.6118650217706822,0.30618083340022634,0.9601519455922864,307.37757964799994,1115.164638149633,3755.6074523809525,13167.999645356138,735.8130578571428,2497.318710685114,281.93958000000003,952.3874427801234,26.406638095238094,80.99463209008752,0.050323183211539814,0.02081834108851843,0.2481060606060606,0.2271294776086726,0.2340433752882202,0.17234848484848486,0.37804121106732813,0.11553030303030302,0.31996397898292755,0.6529753265602322,0.2941922630915919,72.0,3.4285714285714284,0.13636363636363635,6.0,3.9542842128966447,4.235294117647059,11.808521349880698,21.0,1.0,0.0,2.0,0.12380952380952381,528.0,0.0,21.0,15.0,50.73890912474815,0.5358127721335268,0.3251349520742031,0.8977503628447024,0.009456883570798987,3729.200814285714,13095.986163200465,953.4764071431769,3278.8415136533667,1.315085025568103,1.6625680512104748,0.07922156455634363,0.09972323912401033,0.23863636363636365,0.03977272727272727,0.001893939393939394,0.047619047619047616,448.28219817160823,1539.5907170647777,6.772413793103448,2.5048420541972494,0.08548837406885298,0.09554113953000175,0.06642631635273973,0.08138950298305801,11147975.993889803,44475562.59084326,0.047619047619047616,0.1401818328306886,0.8977503628447024,0.009456883570798987,8.777777777777779,0.10227272727272728,0.47615884455807067
980,0.09554627528396466,0.18264555060845594,1.9951965729671102,1.266615053331055,0.032,0.8979999999999999,0.0025819888974716134,0.4753035717834445,0.7757220791177364,0.0,0.033688163185360935,0.10488781857366142,0.4753035717834445,0.49746479544124034,0.17948965572715797,0.18343896937826648,2.2510394842758683,3.5970015806891342,0.8420360180090045,18.810825819159582,37.07458542933081,0.8615,0.05939743728104401,14.875119249177482,0.9620552526066846,0.037784040667152775,0.058616308855996196,8.184415634134346e-05,0.792,0.2925,0.5,0.5628569978244918,0.0,0.0,23.805641209897825,0.0,0.0,0.626444336779914,0.16531292812425327,31.25,6.046875,5.165298397932354,2.438547219612847,1.2483350848489672,2.7345612250230227,4.74743575811349,0.00632203611517701,0.0050000000000000044,0.014000000000000012,48.0,6.479166666666667,1.7623676450480066,0.020833333333333332,0.07186300007752142,1085.5746031746032,1164.579370463377,0.5,0.14731391274719738,0.9804999999999999,0.007619419633774982,0.93148875,3.6601687499999995,3.7261570421145693,13.140625,5.306082725409479,4.897359375000001,4.211277089665612,4.796875,5.10269050568672,0.0,0.0,0.03195292513770781,0.031255598215493695,0.0135,0.31924563457490424,0.07720649172884513,0.0065,0.0803802244973546,0.131,0.3374847373941331,0.68,0.03456073558887952,47.0,0.734375,0.0235,4.7,2.9832867780352594,1.8076923076923077,0.8494342008292706,64.0,2.0,0.0,2.0,0.027777777777777776,2000.0,3.0,64.0,28.0,61.441750305125225,0.9939999999999998,0.005163977794943227,0.8979999999999999,0.0025819888974716134,13.140625,5.306082725409479,3.6874342850651987,2.3013931929499747,0.7892235532293146,1.2945360577007496,0.13935283928414682,0.21554619114179208,0.2845,0.032,0.0145,0.453125,4.754348958333333,4.739992978038126,5.557894736842106,2.1274087198143703,0.10664349038751689,0.10011264298374038,0.10127766927083333,0.08201738657166259,18.810825819159582,14.919024226157088,0.015625,0.05198398542531592,0.8979999999999999,0.0025819888974716134,8.825174825174825,0.10177935943060498,0.474610785765024
1020,0.008473009204309954,0.004186909166543119,3.584958808982502,5.448211226055655e-07,0.0320962888665998,0.898640703517588,0.1013451771678001,0.4699487075576245,0.7797716450468876,0.0,0.0033785717878446497,0.004301398882280888,0.4699487075576245,0.572478840186963,0.10708654856419375,0.08329691522121282,0.5518607921820353,0.9231036804396797,0.8391486551979068,6.490709141176504,13.004877075375811,0.849,0.08166619452371678,16.851192405262076,0.9810103162048567,0.03247352124188988,0.04062250405811166,1.2739300254931692e-11,0.6940822467402207,0.0,0.5,0.5652598842584537,33.94240280055384,42.919854841530764,14.870083449641692,20.85114911401692,33.16568217430029,0.6652321567855936,0.1621049229560564,31.15625,2.95983413671875,2.054144905936973,4.027019359058115,0.030364786248583082,-0.05131355328447332,0.25201351399421923,0.0,0.0,0.004012036108325012,38.0,6.052631578947368,1.8001106335528025,0.02631578947368421,0.10319042184905083,738.8571428571428,943.9137572793296,0.5,0.03721614637823934,0.9809195979899498,0.02343431835835249,0.9585149631441969,2.181872621971875,1.4917703875476322,6.8937249375,3.9036382650627104,0.052730950539117354,0.7392238284175239,0.0454171484375,0.7423990135303941,-6.75651453125,3.373929120349617,0.027888157482011476,0.03036482127835791,0.025576730190571714,0.3869489352346372,0.05639639113651001,0.011033099297893681,0.1044837062165666,0.1675025075225677,0.3735175833766754,0.9824371859296482,0.02300183520225519,37.0,0.578125,0.018555667001003008,3.7,2.6267851073127395,1.608695652173913,0.7827184815397383,64.0,0.0,0.0,2.0,0.000496031746031746,1994.0,28.0,64.0,61.0,127.54771102375214,0.9889472361809046,0.024822968985012888,0.8996984924623115,0.00025949637160519395,13.65023946875,7.02328253675116,2.1524388236559036,1.3737553680129606,-0.00423106372244684,0.1641535595155236,7.869055769554394e-08,1.479721814738926e-07,0.6965897693079238,0.0320962888665998,0.01805416248746239,0.5625,0.046156040627608495,0.7422264945949912,5.1466666666666665,2.1415663207816626,0.10256321785455415,0.11793957057557032,0.12299547697368421,0.08560873514728774,6.490709141176504,9.75330466583294,0.015625000000000003,0.05838612146659475,0.8996984924623115,0.00025949637160519395,8.97,0.10030090270812438,0.46994870755762447
995,0.02721112648237109,0.08068101370971976,3.5849585988786123,1.076968608172656e-06,0.02357071213640923,0.9759396984924624,0.016457753988098744,0.4699487075576245,0.7797716450468876,0.0,0.011455208188551648,0.014034346872579859,0.4699487075576245,0.5111218763291046,0.25789652138753266,0.21292442319180044,387.10089146524086,829.0132580330121,0.820402502036969,2912.1315663541695,7378.45426848894,0.9674120603015076,0.018609956471470773,5.754037950849832,0.9165701774394877,0.11146161968312812,0.02843237733133906,7.68385888659869e-13,0.5305917753259779,0.0,0.5,0.5652598842584537,76.12827660410183,100.64392971138916,522.6400964075747,59.29128011590383,97.4297439637737,0.6451881249483058,0.17069505006173435,42.42553191489362,56.52151469680851,51.872979691111986,3.9732344513782993,0.07444482684848797,0.7255979675487003,1.4156108731395969,0.002803688877925592,0.0020060180541624506,0.0035105315947843163,27.0,6.407407407407407,2.804656283058027,0.037037037037037035,0.1512790482401946,1335.0199134199136,2513.200033293081,0.5,0.026189140043946204,0.9844346733668342,0.030194701476423797,0.8929398526572697,41.01175094528936,37.71416534515042,221.2252379361703,207.45851053182733,88.6564625127617,105.19682832831568,83.53658930851063,103.79738031215572,13.034599617021277,49.82700291654951,0.08167285505793655,0.07444499056558353,0.017051153460381142,0.2929159134840641,0.1258044966681029,0.00802407221664995,0.08923945485786236,0.19307923771313942,0.3948136511154288,0.9221206030150754,0.16631959780573238,26.0,0.5531914893617021,0.013039117352056168,2.1666666666666665,1.1146408580454255,1.625,1.3102162671355697,47.0,0.0,0.0,2.0,0.1267345050878816,1994.0,0.0,47.0,40.0,42.89412610022679,0.9894597989949748,0.009897663912023935,0.8996984924623115,0.00025949637160519395,208.19063831914897,186.03906121932724,40.13601701838936,36.46257464851291,0.7892235532293146,0.4869334307130047,4.168522708252687e-06,7.843541823367857e-06,0.21715145436308927,0.02357071213640923,0.006519558676028084,0.2765957446808511,84.69940624928071,104.03846384943456,5.547169811320755,2.971441231093146,0.07839090732197378,0.12405447850178045,0.14219835069444445,0.13103894695258594,2912.1315663541695,3889.382281226447,0.021276595744680847,0.11944836782692417,0.8996984924623115,0.00025949637160519395,8.97,0.10030090270812438,0.46994870755762447
1022,0.04241162104304816,0.07073394249598032,1.6657795937940012,0.30826897735419717,0.05015045135406219,0.8996984924623115,0.00025949637160519395,0.4699487075576245,0.7797716450468876,0.0,0.03439344269422541,0.03217636039019896,0.4699487075576245,0.4387378803650749,0.14195377379412974,0.13778768915161313,0.5758078493819988,0.6163137724089993,0.8382468026256391,3.9726403294177572,8.520834737167341,0.48935175879396986,0.2847700228133523,10.167038755335511,0.9550607056903878,0.04469447768802039,0.04427940875991644,0.0,0.33450351053159477,0.0,0.5,0.5652598842584537,0.0,0.0,14.799750854952164,0.0,0.0,0.6488651743946318,0.21579507504011203,19.94,3.3975,1.2340369614489763,2.089505530015085,0.3170157867577854,-0.8178631997818928,0.8814764774107515,0.0,0.0,0.0020060180541624506,25.0,5.76,1.451436070471816,0.04,0.13367214358639382,299.8285714285714,192.95602403367548,0.5,0.14142135623730948,0.9839346733668342,0.018922217888442904,0.8773957278052814,1.0081680000000002,1.171008485583726,5.98,0.2,1.917271815446339,0.6374724500390166,1.47,1.6603212540549697,0.0,0.0,0.04622277133654107,0.04013649131090547,0.011033099297893681,0.3205625271843249,0.07403980554189274,0.0050150451354062184,0.07065690460181974,0.20361083249749248,0.40278384138778434,0.9904673366834171,0.00834741787624834,24.0,0.24,0.012036108324974924,3.0,2.138089935299395,1.263157894736842,0.5619514869490164,100.0,0.0,0.0,2.0,0.03272727272727273,1994.0,0.0,100.0,18.0,35.03807269939982,0.9879447236180905,0.02795002199325106,0.8996984924623115,0.00025949637160519395,5.98,0.2,1.9734316487432975,0.2810655359719135,0.5353701267050828,0.5825915856799244,0.14299878144935843,0.0057171528922657896,0.24623871614844534,0.05015045135406219,0.0366098294884654,0.73,1.6471035058430719,0.9462815777080342,4.8979591836734695,1.7823778354488478,0.13436358028467277,0.12223363210567789,0.1246875,0.09764270739431423,3.972640329417757,1.2134923404115288,0.01,0.04505368261536358,0.8996984924623115,0.00025949637160519395,8.97,0.10030090270812438,0.46994870755762447
978,0.03076561909497961,0.02992190803257236,3.5844918501411946,0.00031313412379562204,0.05015045135406219,0.925711055276382,0.09103291821407034,0.4699487075576245,0.7797716450468876,0.0,0.011516118771355421,0.009569514727609267,0.4699487075576245,0.4467887586667203,0.2958578529461909,0.23275914978633686,2820.7512286821693,2830.212679141751,0.8295624454900073,9609.0453889214,40201.46248670392,0.876997487437186,0.11629499951803873,5.216930636317067,0.9401790525782152,0.07650258263642502,0.028778008760690473,3.3585995447918935e-32,0.5,0.0,0.5,0.5652598842584537,619.748689269287,242.25004408691285,900.4187249879558,610.4790796197088,245.6173736108898,0.6305832360792573,0.19905677374424513,19.94,133.1475,39.30443364033985,3.9643591017012767,0.05306138788556929,-0.08040555283890166,0.47871321150663,0.00017836495178746858,0.0005015045135405849,0.025075225677031132,33.0,6.7272727272727275,2.322077831285044,0.030303030303030304,0.13576886121969614,1113.3223665223666,1500.834131801321,0.5,0.06428243465332248,0.9658366834170854,0.08557012046905457,0.8775169540718444,95.06431200000002,29.082147891350804,934.82,255.96773707684807,628.6753961885657,239.25693038156527,628.265,246.74609137960246,379.23,208.50845270272583,0.09008145599754197,0.05317797631781982,0.03510531594784353,0.28493725531889263,0.09746294604438416,0.016549648946840523,0.12760848141180084,0.2733199598796389,0.44577552230894496,0.9095628140703518,0.21298050555301554,32.0,0.32,0.0160481444332999,2.909090909090909,1.513574937328539,1.5238095238095237,0.7496030695673289,100.0,0.0,0.0,2.0,0.17696969696969697,1994.0,0.0,100.0,91.0,38.79167310793693,0.9703693467336685,0.05533125677029788,0.8996984924623115,0.00025949637160519395,555.59,98.67855118842425,95.62825316520667,21.655768482746694,0.09193965797699845,0.5240959491995878,0.0020127844583730015,0.00041041115879842397,0.18405215646940823,0.05015045135406219,0.005516549648946841,0.11,627.9310851419032,244.22642098231339,5.846153846153846,2.5447910598832153,0.08455605402699791,0.10087923011468454,0.11171283143939394,0.12746565183009215,9609.045388921404,4432.299179902851,0.01,0.059122499702709,0.8996984924623115,0.00025949637160519395,8.97,0.10030090270812438,0.46994870755762447
971,0.013183848790177964,0.008850141140913568,3.5849586476867734,9.797217279021757e-07,0.03811434302908726,0.9779472361809045,0.013369410768740517,0.4699487075576245,0.7797716450468876,0.0,0.011278110853993103,0.013831271909268741,0.4699487075576245,0.5549341422410585,0.14600985656239412,0.1035503673352415,0.0007172281043892579,0.0009841762273957895,0.8023835681656107,0.005520064060923328,0.012136468065334841,0.9654120603015077,0.014977474770378392,5.979511192190254,0.9296198388366212,0.08010525888450515,0.011617686791358748,3.1381198672807624e-21,0.2868605817452357,0.0,0.5,0.5652598842584537,0.11173320546324944,0.05890333018287683,0.7464908292255175,0.08411852810749515,0.04565208810762588,0.6986398292488579,0.15646710672459405,26.236842105263158,0.09595804605263158,0.05311082593944023,3.9763141906105717,0.0803949795032665,0.114881227528144,0.6372758897428438,0.0,0.0,0.0005015045135405849,15.0,4.533333333333333,1.5522640914238173,0.06666666666666667,0.22108545406036037,105.37142857142857,82.78640189181083,0.5,0.04714045207910316,0.9984924623115579,0.0024273662891439703,0.8276522144165697,0.06994578091973684,0.037951320578888594,0.38195135526315793,0.1499647226849216,0.1319966715277411,0.06847150406552653,0.12619602631578947,0.0698882154834845,0.003192171052631579,0.0024792379495221666,0.07859316463382779,0.08039511031215338,0.0010030090270812437,0.34743293917171064,0.053710772775809774,0.0,0.0,0.1905717151454363,0.3928505243640295,0.9929773869346734,0.008910902013722846,14.0,0.18421052631578946,0.007021063189568706,2.0,1.0,1.0769230769230769,0.2773500981126146,76.0,0.0,0.0,2.0,0.00631578947368421,1994.0,0.0,76.0,69.0,44.614127696592945,1.0,0.0,0.8996984924623115,0.00025949637160519395,0.3787591842105263,0.14835346491050444,0.06709943431887055,0.03211385539001896,0.5443797412186061,0.24883280889962814,2.6091726779060976e-06,1.2858550994502163e-06,0.29689067201604813,0.03811434302908726,0.025075225677031094,0.6578947368421053,0.12736281644846673,0.06889318383414739,3.7241379310344827,1.8302332350225972,0.13625230291227935,0.17682570284755772,0.23020833333333332,0.1349572966245337,0.00552006406092333,0.005883047041081367,0.013157894736842105,0.09202996717396426,0.881605527638191,0.059901636277716754,8.97,0.10030090270812438,0.46994870755762447
966,0.08352949631303523,0.08894825424326587,3.369009199669488,0.2697426801373778,0.011940298507462687,0.9276119402985075,0.013647628581438013,0.44733604448548564,0.7963937393169555,0.0,0.022606808686591894,0.012807295491586927,0.44733604448548564,0.4404318817714541,0.5195170379752153,0.26898314986305494,62732.889761375096,187423.73622713424,0.82726249261534,347516.115468942,1339405.8656843833,0.905223880597015,0.016889796215689503,3.614286380759696,0.8080623667735427,0.10643753996204541,0.08370426191790593,0.0006467933381633275,0.42835820895522386,0.2291044776119403,0.5,0.5751838742487588,490.123281632634,1018.4386277444465,3996.0368626358236,411.0681278413405,867.8173043917866,0.6090299266146343,0.20496858652559288,83.75,393.433265625,705.6897073362784,3.69257640091476,0.24732142775340438,1.9038472485882165,2.2571550610229325,0.04090007703243348,0.04850746268656714,0.043283582089552186,59.0,7.694915254237288,2.902164693205304,0.01694915254237288,0.08341178274095425,7766.563747363747,15751.628331544975,0.5,0.035954582094231254,0.9470149253731343,0.01876420115984688,0.7744597905992425,286.4279418,518.6924270860802,2059.8461875000003,3492.720828473722,597.6403355876865,1135.788434302197,553.2159375,1080.2066175375567,32.211,68.34910388195786,0.12376884324021356,0.0674777712094314,0.1,0.2790193415408373,0.13252249570981725,0.06417910447761194,0.245163214012214,0.12686567164179105,0.3329466916682416,0.8783582089552239,0.03723873119365567,58.0,3.625,0.04328358208955224,4.142857142857143,2.7971728270122718,3.625,1.6683325008322931,16.0,0.0,0.0,2.0,0.55,1340.0,0.0,16.0,15.0,26.22017198731375,0.9201492537313433,0.02538044963320341,0.914179104477612,0.024688349802586086,2027.6351875,3429.527218530823,304.60236308849295,521.2636091855741,0.8011027426722053,0.940059157959663,0.01460800403385542,0.03683169340177828,0.20522388059701493,0.011940298507462687,0.0007462686567164179,0.0625,561.8061201026119,1093.8923984469136,6.769230769230769,3.12769777451407,0.07228150258403362,0.08982841211846118,0.08031605865995763,0.08765261471358637,347516.11546894186,1083366.3290273312,0.0625,0.10240917668109617,0.9119402985074627,0.02765560618843242,9.72,0.09328358208955224,0.4473360444854856
1016,0.04417114335761109,0.08047041266583199,2.9835611263808866,0.6259323270272226,0.012121212121212121,0.9282828282828282,0.03852240332650124,0.43949698692151334,0.801980198019802,0.0,0.01282751073274617,0.017500774648783458,0.43949698692151334,0.40015291697804867,0.21587638378221863,0.1485462890915372,0.17761282813018503,0.2360995910456746,0.8371071687552982,2.01606028673319,5.356694924074886,0.9252525252525252,0.0369450955537918,7.154354847083803,0.9470139468040291,0.07712878367622826,0.10577481667161066,0.018161304995601334,0.5959595959595959,0.09191919191919191,0.5,0.5785419118799024,33.94240280055384,42.919854841530764,2.5075763252837304,20.85114911401692,33.16568217430029,0.601692073555446,0.18641583214230426,82.5,1.5831041666666668,2.039647815127354,3.3616274188071933,0.6091932874765195,-0.60051588733213,0.5522690780609956,0.014611747597688352,0.025252525252525304,0.027272727272727226,17.0,4.529411764705882,1.280510008689093,0.058823529411764705,0.20293402203858182,109.9047619047619,83.41529574739785,0.5,0.04159451654038516,0.9333333333333333,0.045223254923584706,0.8022191613100704,1.1033632749999998,1.548157166811274,2.7704999999999997,3.787257595003156,0.5362385521885522,2.350947600343028,0.478,2.351159568847214,-1.62225,1.350054485432482,0.06143069449520768,0.06558671427787889,0.022222222222222223,0.12372245255723906,0.058662220821266535,0.0,0.0,0.12121212121212122,0.3265385848191265,0.9363636363636363,0.03956766207521236,16.0,1.3333333333333333,0.01616161616161616,2.2857142857142856,1.3801311186847083,1.7777777777777777,0.8333333333333334,12.0,1.0,0.0,2.0,0.045454545454545456,990.0,1.0,12.0,5.0,47.56792114915191,0.9565656565656566,0.03899042235478542,0.909090909090909,1.1702778228589004e-16,4.3927499999999995,3.26239608333284,0.9845946197070724,1.0685421104104629,0.08681847669946548,0.15501945071988604,0.04729238422297014,0.14364600447474982,0.05353535353535353,0.012121212121212121,0.005050505050505051,0.4166666666666667,0.5215004208754209,2.355099541210193,3.696969696969697,1.6485760614248377,0.15526350537145486,0.1482612454233266,0.21966911764705882,0.10940576970024957,2.01606028673319,5.258977429148175,0.08333333333333333,0.1556079498373147,0.909090909090909,1.1702778228589004e-16,10.0,0.09090909090909091,0.4394969869215134
984,0.021215159900504973,0.0058464654544378705,2.780782846282488,0.030620789854002902,0.01092896174863388,0.9126126126126126,0.010972267811678755,0.4278385440590877,0.81012613252798,0.0,0.0037239369613097893,0.002161820976363917,0.4278385440590877,0.5131636814329121,0.08689241066806874,0.08396111876803523,76.12344112583277,127.33120131043904,0.849374953215061,5579.845231679018,6435.373852106394,0.8551801801801803,0.036689537312075755,25.283360283216354,0.9978362647247988,0.0026180548414127484,0.8937205269323886,0.7855158540090047,0.8989071038251366,0.7868852459016393,0.5,0.5834596937659491,67.97328556500523,78.48885981515862,20.56692999727532,28.229499785494852,32.59662004810772,0.4616430127998864,0.20314678112706852,91.5,93.875,101.75880387792826,3.1916996465833667,0.0356143309284492,-1.2148089140091114,0.008877476620563327,0.0804020100502395,0.08743169398907102,0.08743169398907102,42.0,7.5476190476190474,2.6151750484934055,0.023809523809523808,0.046498180427747865,2349.878210678211,2544.533208529711,0.5,0.06734350297014742,0.9126126126126126,0.010972267811678755,0.967862581743259,69.86752499999997,75.54079789347276,188.25,204.67107758547616,94.38661202185793,102.6108052703858,94.625,102.33553879273808,0.5,0.5773502691896257,0.016921743758209873,0.011755097570066054,0.21311475409836064,0.35707188192073086,0.1461734355955352,0.13934426229508196,0.3467794791883837,0.1557377049180328,0.3631028791896507,0.9126126126126126,0.010972267811678755,41.0,10.25,0.11202185792349727,3.727272727272727,1.7939291563999449,10.25,4.716990566028302,4.0,0.0,0.0,2.0,0.0,366.0,0.0,4.0,0.0,163.33193209968942,0.8442942942942944,0.04783538606613341,0.9126126126126126,0.010972267811678755,187.75,204.0937284680742,54.519090525824396,58.963423689786794,-0.004470409138202113,0.005768867464293311,0.04041283542878589,0.04666038927956653,0.3114754098360656,0.01092896174863388,0.00546448087431694,0.5,94.38977272727273,102.60715573179654,6.650602409638554,2.8216658932561196,0.09561970685506813,0.1410682154238294,0.09312220982142858,0.12300680624306957,5579.845231679017,6429.371150208144,0.25,0.1504824191081643,0.9126126126126126,0.010972267811678755,10.4375,0.08743169398907104,0.4278385440590876
1451,0.11118320998614299,0.14068034370291393,2.6511213280783084,0.48983540879741566,0.0524822695035461,0.9064185110663983,0.013352121704842596,0.42476250104906466,0.8122435519061696,0.0,0.008632423804752706,0.006023295651144855,0.42476250104906466,0.4483562329852887,0.45384757827605776,0.32443379017622304,4478644.976027327,97966816.45392258,0.8255037072856222,1224512769.1957755,7448234546.702406,0.8184305835010062,0.08521449166438234,11.475086665895137,0.9576974285123516,0.0353170689300923,0.2086496930309509,1.3762867869307279e-10,0.6283687943262412,0.19290780141843972,0.5,0.584742203449301,239.59746549251935,1246.8999464161643,93770.11379949437,69.31480123702678,318.14757270947655,0.6018961560695599,0.2323235970538798,19.054054054054053,682.1440540540541,3707.5711880252243,3.0388677687335552,0.47940630474376805,55.9266005736182,60.07342987378755,0.06114882148440082,0.07659574468085106,0.10921985815602842,49.0,7.918367346938775,3.0743341738081917,0.02040816326530612,0.07631823927083892,6913.563991563992,13276.567271622156,0.5,0.01443075063646017,0.9121730382293762,0.031549320013039506,0.9590221819827977,260.4174878918917,1381.1151458340607,123113.91486486486,703397.7973372192,1283.6397362468851,7131.2319795783915,217.36162162162165,1118.9853534949357,3.944864864864864,10.051675267122176,0.03701606039381753,0.02302343933103653,0.16170212765957448,0.3120108328648363,0.15277537964583135,0.09078014184397164,0.2875001752024808,0.1276595744680851,0.33394729080612484,0.8796177062374246,0.04530227742707178,48.0,1.2972972972972974,0.06808510638297872,3.4285714285714284,1.785164750607962,2.0,1.4142135623730951,37.0,0.0,0.0,2.0,0.4624624624624625,705.0,0.0,37.0,34.0,70.62083970775836,0.8497585513078469,0.04236908918369476,0.9120724346076459,0.008716400588214459,123109.96999999999,703388.9572158289,6136.712385358594,34925.94571252826,5.3226288532958685,3.2868547953051044,0.017764310744223275,0.02397552277165996,0.2907801418439716,0.0524822695035461,0.0014184397163120568,0.02702702702702703,309.0828413519903,1626.958145455759,7.010309278350515,3.2611821903031597,0.06737942700520196,0.08368610575764268,0.08310995296556123,0.10554999691523292,1224512769.195774,7424343843.57697,0.02702702702702703,0.03541638245558916,0.9134808853118713,0.004284029355512081,10.557377049180328,0.08652482269503546,0.4247625010490646
1467,0.02592385181889773,0.12139519531587542,2.9291946900944055,0.31639943453124336,0.037037037037037035,0.9148148148148149,0.009562921842487434,0.4201910370851764,0.8153661152458643,0.0,0.0033632193541377415,0.00405122956781028,0.4201910370851764,0.676770927208648,0.01704721796675868,0.07339950355918777,2.8371663394640336,34.68215701240989,0.8403147117432832,1352.6006486091583,5447.6591576955825,0.8518518518518519,0.03266359643289616,23.650594036278317,0.9857917873713256,0.028392591399428988,0.25240112602431636,0.3449172415551227,0.7944444444444444,0.4444444444444444,0.5,0.586636736984395,13.787685860122332,46.35420971193221,168.8121215987972,5.6698666912214595,18.51180935122327,0.5796211518985775,0.1633715881611957,27.0,18.473585749999998,62.33325309389152,3.3316191105592714,0.31380320706354375,-1.2216459825483912,0.0668271781100416,0.07838099884820038,0.08518518518518514,0.08518518518518514,36.0,6.777777777777778,2.331291623740075,0.027777777777777783,0.09506023957239039,1145.942857142857,1134.8888366004105,0.5,0.0,0.9111111111111111,0.022764307301957762,0.9588168724279835,13.73244002214,46.308186273109335,36.998766749999994,124.95215419058765,18.575018532685185,62.604911569944825,18.5749486,62.604932825689026,0.1512037,0.36583037973199084,0.01776661662031125,0.02305006308992325,0.19814814814814816,0.44917043680718266,0.046134313860552695,0.14629629629629629,0.353730693744312,0.11666666666666667,0.3213203280944939,0.888888888888889,0.040945985066116034,35.0,1.75,0.06481481481481481,3.5,1.5811388300841898,2.1875,1.1086778913041726,20.0,0.0,0.0,2.0,0.005263157894736842,540.0,0.0,20.0,0.0,163.87070964010533,0.8481481481481481,0.02276430730195774,0.9148148148148149,0.009562921842487434,36.84756304999999,124.6950057346065,10.688349993513791,36.104524035307804,2.8869604681607572e-05,0.0006582741232405597,0.016790696713834798,0.07421990339718375,0.8777777777777778,0.037037037037037035,0.003703703703703704,0.1,18.575005609567903,62.60491549744428,5.887323943661972,2.5665390580348686,0.09902611657766437,0.13066269257941657,0.1125217013888889,0.1204297370750082,1352.6006486091592,5445.447537518723,0.05,0.055585042321587716,0.9148148148148149,0.009562921842487434,10.73913043478261,0.08518518518518518,0.4201910370851765
1130,0.06560248528411768,0.09588266360744356,3.459422554717355,8.926528984957934e-16,0.06472491909385113,0.9184541265186427,0.003123266354150222,0.4076291728545772,0.8237994084073563,0.0,0.0020692358733620255,0.0022038813310270773,0.4076291728545772,0.45807893923315823,0.31959385440254984,0.2910881967450215,299776561.8273347,797538926.2618862,0.8201670104129987,1436646268.6442187,9094983598.879982,0.8660159195643068,0.01759536111601803,26.874190447738478,0.9875501585359011,0.020152408326074903,0.11732518898296228,2.4625707675366617e-34,0.8614886731391586,0.0,0.5,0.5917728595949553,48824.88212465884,27575.477640170044,119734.01173494171,41965.196963886236,28224.75221308253,0.6300478913872437,0.19258226343822538,15.45,30163.811000000005,11692.82958063603,3.8518836735370656,0.015260344341789446,147.95059774306708,411.1760119407562,0.03468352250957707,0.030420711974110004,0.08932038834951461,75.0,7.48,2.250285267201424,0.013333333333333332,0.05972908982083649,4800.907980907981,9017.117247108952,0.5,0.028284271247461926,0.9417511520737328,0.02282347008880427,0.9713647741435469,21205.1355768,8548.979138554963,510031.81499999994,986287.2604530271,55582.60149255664,26051.729810709396,51251.70299999999,27109.585771559592,3729.6480000000006,4514.176542075671,0.015168054034866011,0.015260344341789444,0.13203883495145632,0.414465647711955,0.06317626853546969,0.07961165048543689,0.27077867827857544,0.1029126213592233,0.30394309914105405,0.47517804775869293,0.08361525499786043,74.0,0.74,0.04789644012944984,5.6923076923076925,4.21079199566652,1.6444444444444444,0.8021435927777166,100.0,0.0,0.0,2.0,0.29353535353535354,1545.0,0.0,100.0,100.0,227.07293188469407,0.9210515291160452,0.021269554066083673,0.9184541265186427,0.003123266354150222,506302.16699999996,986432.0794136999,30599.101712879823,22480.996307073234,4.933185517877339,10.58884337941947,1.506413936835071e-06,4.6983062809489245e-06,0.6,0.06472491909385113,0.007766990291262136,0.12,52029.29710355987,26678.488842697494,6.5369127516778525,2.566740202935101,0.08436039900841821,0.10429319375492604,0.07140950520833333,0.067644008223194,1436646268.6442187,3184045215.9054303,0.01,0.022775988522813255,0.9171638039379975,0.005750743716084821,11.261904761904763,0.08155339805825243,0.40762917285457717
1071,0.11610250182472562,0.15254678608097785,2.396126286981564,0.686026270957804,0.0968586387434555,0.9031713900134953,0.01753015716893909,0.40622479675592166,0.8247289831027207,0.0,0.012644688763040026,0.007295217883465152,0.40622479675592166,0.41540927452982546,0.4464110797204713,0.3010138167215971,56326.0848654687,879296.574129749,0.8204916793777741,9769567.673521698,59417190.34503306,0.8846828609986505,0.039724498035465496,9.227105413532032,0.941974245309901,0.04477520435519742,0.17834840470201108,2.6130808993639293e-06,0.6649214659685864,0.16230366492146597,0.5,0.5923407591091497,75.19853802209794,348.8383782032586,9790.685733093767,22.729297169127385,80.75268506149874,0.608263252100656,0.2203032430441413,10.324324324324325,209.12891891891894,1061.6805088426731,2.7583259232402213,0.6695549975225736,10.98567344121072,12.683950227478803,0.0595253908758816,0.0732984293193717,0.10209424083769636,32.0,6.84375,2.772088708258019,0.031249999999999997,0.079928888254239,1540.612987012987,1993.3843895891978,0.5,0.2209708691207961,0.9109986504723346,0.04147154361201076,0.9529206984457663,86.67079248648648,419.78862291337805,5807.04918918919,31942.57226083427,264.7252313570115,1378.7958703490233,73.45675675675676,334.3735405995488,1.8656756756756756,3.5035327730580583,0.04402516049726405,0.027035254312502758,0.193717277486911,0.35573586819019265,0.16784994587581437,0.14136125654450263,0.3488507270754844,0.10732984293193717,0.3099380872887459,0.832523616734143,0.030284796011170467,31.0,0.8378378378378378,0.08115183246073299,2.8181818181818183,0.9816498172140428,1.7222222222222223,1.274434386908933,37.0,1.0,0.0,2.0,0.45045045045045046,382.0,0.0,37.0,36.0,53.42629305418368,0.8639001349527666,0.029665829024389065,0.9031713900134953,0.01753015716893909,5805.183513513513,31939.895946377692,569.0275567552629,3115.791706896182,2.4534139647767303,1.5099262320581037,0.03965007921103363,0.08315661578892071,0.2643979057591623,0.0968586387434555,0.002617801047120419,0.02702702702702703,100.8230235017626,478.5133401717764,5.968253968253968,2.9510427570292244,0.08832393294565523,0.12373055483986593,0.1224365234375,0.1266654643620768,9769567.673521701,59175341.68488607,0.027027027027027032,0.04913670439254501,0.9188933873144398,0.007566185959137122,11.32258064516129,0.08115183246073299,0.4062247967559216
1138,0.06560248528411768,0.09588266360744356,3.459422554717355,8.926528984957934e-16,0.06472491909385113,0.9197486384583158,0.0031190146066437338,0.40309078295227846,0.8267939371390292,0.0,0.0015341648862008553,0.0012834534088191582,0.40309078295227846,0.4668375100498303,0.31959385440254984,0.2910881967450215,299776561.82733476,797538926.2618865,0.8264433153914517,1436646268.6442187,9094983598.879986,0.8731545873481357,0.02035063576231981,36.25014251665441,0.9956373617315393,0.00668875808612795,0.17771525373042185,2.354082793461645e-40,0.8614886731391586,0.0,0.5,0.5936035567630757,48824.88212465886,27575.477640170066,69025.30089619468,41965.196963886236,28224.75221308253,0.5975195459614884,0.18572740675002927,15.45,30163.811000000005,11692.82958063603,3.851393635650059,0.008863959939799746,147.95059774306714,411.17601194075615,0.04243909238745747,0.04595469255663431,0.11585760517799348,90.0,9.355555555555556,3.709420473562938,0.011111111111111112,0.040782095301218346,75778.36970611088,216038.3051345053,0.5,0.03142696805273545,0.9242689568496019,0.020471792029167265,0.9878162147442947,21205.1355768,8548.979138554963,510031.81499999994,986287.2604530271,55582.60149255664,26051.729810709396,51251.70299999999,27109.585771559592,3729.6480000000006,4514.176542075671,0.011119702019573756,0.008863959939799746,0.1533980582524272,0.43589058261504626,0.05638282546035633,0.09838187702265372,0.2979267248000781,0.1203883495145631,0.3255204750195054,0.502932551319648,0.050197519195427066,89.0,0.89,0.05760517799352751,4.944444444444445,3.811317854869844,1.816326530612245,1.3334396216138906,100.0,0.0,0.0,2.0,0.29353535353535354,1545.0,0.0,100.0,100.0,310.1074872894807,0.8861248428990365,0.03191686636781069,0.9197486384583158,0.0031190146066437338,506302.16699999996,986432.0794136999,30599.101712879823,22480.996307073234,4.933185517877339,10.588843379419473,1.506413936835071e-06,4.6983062809489245e-06,0.7171521035598706,0.06472491909385113,0.007766990291262136,0.12,52029.29710355987,26678.488842697494,8.41340782122905,3.8942537768890833,0.05416993946256907,0.08242510514418347,0.05138643052842882,0.0776692633923378,1436646268.6442192,3184045215.905431,0.01,0.01996384641123238,0.9197486384583158,0.0031190146066437338,11.459677419354838,0.08025889967637541,0.40309078295227846
1443,0.11217960369541294,0.14407201903437752,2.641610192681838,0.5065351228472547,0.05597579425113464,0.9228855721393033,0.017865378388003283,0.3974707552319077,0.8304642852362916,0.0,0.009041625831682153,0.006001626504724519,0.3974707552319077,0.4600650450369438,0.4693167761111679,0.33725121300685684,2035396.7422753654,40911166.35412504,0.821886031265759,505286432.7414202,3073474194.886047,0.7843962008141111,0.18116220545629158,10.403373569963405,0.9503167866553334,0.038833361965892065,0.18365554468400994,1.2290104958386693e-12,0.6111951588502269,0.14826021180030258,0.5,0.595852461605003,217.07380068568872,1125.1502392425402,104677.2069510631,66.70231798928921,305.7364762967108,0.5787555554696635,0.22750806531516002,17.864864864864863,603.2083783783785,3270.9860243761314,3.0008749993761015,0.4963632405785991,61.989033809260995,62.64074320086077,0.05629309571451668,0.06656580937972767,0.07866868381240544,47.0,8.085106382978724,3.1542227543546772,0.021276595744680857,0.08263627872774634,6979.546098346096,12768.942794554709,0.5,0.015044825131628652,0.9168475802804161,0.031908568283931085,0.9534790042135763,240.2473159459459,1274.5339060340382,78916.83675675676,448752.89207031106,962.8441162039496,5308.607794881335,203.97945945945946,1049.8866446720858,3.9462162162162158,10.051133532357696,0.03820594853764401,0.021756200954982728,0.1361573373676248,0.30756068748239956,0.14969513383828445,0.08925869894099848,0.28533270522396464,0.11346444780635401,0.3173998682823318,0.8895522388059701,0.05536526422718635,46.0,1.2432432432432432,0.06959152798789713,3.2857142857142856,1.5406577730392867,1.5862068965517242,0.9070061182385526,37.0,0.0,0.0,2.0,0.46996996996997,661.0,0.0,37.0,34.0,68.14133253566735,0.8593622795115332,0.03541182294373881,0.9198326549072817,0.007109999964840559,78912.89054054054,448744.0370022359,3961.8506584375627,22431.89468378633,5.636523896333531,3.4711660358972343,0.018675131911574,0.024063536450611846,0.26021180030257185,0.05597579425113464,0.0015128593040847202,0.02702702702702703,280.08608005990885,1469.6691944700024,7.182795698924731,3.3262664687079515,0.06746934353064699,0.08299404193153005,0.08256368434175532,0.11250572577458338,505286432.74141973,3063373231.5038013,0.027027027027027032,0.03543292029422723,0.9213478064224331,0.006110764789080901,11.711538461538462,0.07866868381240545,0.39747075523190767
1000,0.09132401125284369,0.18644441362241904,0.964723112646363,1.3363073992723449,0.0145,0.9764999999999999,0.01203005495507907,0.39687166816039215,0.8308530855833078,0.0,0.05642876856710843,0.1537625960648464,0.39687166816039215,0.4169205126281468,0.17948965572715797,0.18343896937826648,3.4671344271481375,44.25589922599062,0.8066068034017009,111.69359789737845,387.4314977578032,0.9635,0.01528434202414718,22.675055791844592,0.9620552526066846,0.037784040667152775,0.1861520465963031,8.184415634134346e-05,0.8765,0.6985,0.5,0.5960910165402595,8.92847723914126,27.72721113817165,62.38090646782175,7.851130328308182,24.59603583664109,0.6984628980192672,0.23926149837706298,68.96551724137932,3.4067241379310342,9.728864112586951,1.3440922144711465,1.305873150342544,2.7345612250230227,4.74743575811349,0.03120199532759116,0.026000000000000023,0.019000000000000017,10.0,3.9,1.4491376746189437,0.09999999999999998,0.28139424696006526,49.06666666666668,32.995622605295864,0.5,0.0,0.9404999999999999,0.008959786703810374,0.98484275,2.419194206896552,7.053487523528713,58.05551724137931,147.83902330349062,9.686353603448277,29.246781801563237,9.28896551724138,28.334518870203375,0.2563793103448276,0.7846915869942198,0.017502566335608875,0.053546872006719884,0.13,0.2751369861569881,0.15999913436315572,0.086,0.28043416635786445,0.135,0.34180903543989904,0.22500000000000003,0.03205897343611891,9.0,0.3103448275862069,0.0045,1.5,0.5477225575051661,1.2857142857142858,0.4879500364742666,29.0,19.0,0.0,2.0,0.014778325123152709,2000.0,3.0,29.0,25.0,54.1189519381303,0.9465000000000001,0.014346892811104864,0.9215,0.002415229457698242,57.79913793103448,147.3532186622442,4.051504273948856,9.9338677898444,0.7892235532293146,1.2945360577007496,0.4393430741844431,0.27953458046137436,0.18,0.0145,0.002,0.13793103448275862,9.33142511494253,28.539128958936782,3.1578947368421053,1.6754156331667822,0.15791737766443611,0.1355398249178879,0.284375,0.1498335303113277,111.69359789737851,305.115553307837,0.03448275862068966,0.1392680793461666,0.9215,0.002415229457698242,11.75257731958763,0.07841552142279709,0.3965714260341304
1068,0.1537557995906881,0.11935384246119402,2.8624086245406235,0.5801445592027825,0.0220125786163522,0.9214254385964912,0.013905922149893196,0.37839506429883096,0.8426158126853486,0.0,0.00819065718756445,0.005466798601330448,0.37839506429883096,0.36799658340076047,0.6310706831196295,0.22759589863447108,10534685.694270369,130189764.3224814,0.8156038197812931,1610413740.9169874,7379629529.580478,0.27924342105263156,0.197104003419751,10.989063194903489,0.9523725423379591,0.027759252104739573,0.25314175666723776,3.733579495616545e-06,0.9832285115303984,0.7421383647798742,0.5,0.6033384904463833,6.203088340054075,16.32839477135254,86086.6059568517,3.3763782264551443,8.168699297896381,0.5037296966289218,0.22255578674105442,45.42857142857143,772.2714285714286,3130.9193282957613,3.206369901574101,0.5742424049794749,104.16066227962321,90.74750540339926,0.06534187161584504,0.07127882599580715,0.07442348008385746,75.0,9.053333333333333,3.4125893051707474,0.01333333333333333,0.05929004589613196,31006.873970473967,72614.30648346686,0.5,0.14142135623730948,0.9161951754385964,0.022842078898882248,0.9567362841659744,299.47778700000003,1181.059602133738,216793.89238095234,932348.7081274617,1710.592911051212,7154.081713859826,227.93619047619046,870.8718085471949,0.3333333333333333,0.48304589153964794,0.03443378726535335,0.015243937846679163,0.1509433962264151,0.32084595005964944,0.1619434832364016,0.09538784067085954,0.2939039726161789,0.18553459119496854,0.3889345326407425,0.8878947368421052,0.03393774481913776,74.0,3.5238095238095237,0.07756813417190776,4.625,2.5787593916455256,3.5238095238095237,1.833549770773829,21.0,0.0,0.0,2.0,0.6857142857142857,954.0,0.0,21.0,21.0,82.1279058118805,0.8700109649122807,0.036868972917490236,0.9266228070175437,0.00039635794478733145,216793.55904761903,932348.7892353402,9336.349605744119,39992.607226887885,7.701229617587188,3.6628030934168185,0.012492314810029196,0.012392470966684124,0.2389937106918239,0.0220125786163522,0.0010482180293501049,0.047619047619047616,332.2854753608761,1302.1867799694899,8.120805369127517,3.6016376749463013,0.059427565184642324,0.07365171841792095,0.05763916015625,0.08814114410379378,1610413740.916988,7355430612.156724,0.047619047619047616,0.0387842141340097,0.9266228070175437,0.00039635794478733145,12.628571428571428,0.07337526205450734,0.378395064298831
450,0.07886515472340434,0.06260420685676696,2.1388726897621186,0.7953200158278851,0.015209125475285171,0.9517094017094017,0.09882579516323847,0.37424015613347195,0.84520092826018,0.0,0.042794320761159015,0.025504395090910903,0.37424015613347195,0.3259763369025692,0.31295857022000434,0.19171162912148856,10.262730041650947,13.987055201720642,0.8264302092706005,66.14125345688333,80.63002777863217,0.913960113960114,0.12124209746187779,4.109263386589125,0.8783218449982506,0.09491271063091289,0.13812950546151698,0.10036954466388553,0.2623574144486692,0.07984790874524715,0.5,0.604939261471381,15.384033065802043,13.761425982351591,27.05189393401737,12.873630524299747,12.155411736226169,0.5848430565320996,0.3449260978491521,65.75,9.08125,7.145661125233037,2.4220405244292103,0.7651843614129223,-0.19286176359944412,1.241019714180635,0.0059630639820871245,0.02281368821292773,0.0076045627376425395,8.0,3.375,1.1877349391654208,0.125,0.3017312797844264,28.8,14.68085893425923,0.5,0.1767766952966369,0.9243589743589744,0.09715997819646878,0.6880538969769694,5.919280500000001,5.519460149735026,33.4725,24.89256297906398,17.25069391634981,14.641188440452183,17.105,15.367108815041734,1.95,2.7385032408233516,0.09107232146638045,0.06640319630628379,0.057034220532319393,0.14167755643067065,0.1468748631146272,0.034220532319391636,0.18214178699348818,0.14068441064638784,0.3483586201997804,0.93988603988604,0.11198792036499326,7.0,1.75,0.026615969581749048,1.4,0.5477225575051661,2.3333333333333335,0.5773502691896258,4.0,1.0,0.0,2.0,0.16666666666666666,263.0,0.0,4.0,2.0,22.485430648121653,0.944017094017094,0.13769042426041075,0.9277777777777778,0.011938081193967307,31.5225,22.78742398049123,6.786177480945954,5.175461158709797,-0.18600984513462943,0.8186694321246408,0.1362671075356021,0.24152202271207365,0.06844106463878327,0.015209125475285171,0.011406844106463879,0.75,17.250676100628933,15.013746566533513,2.6666666666666665,1.4474937289114918,0.19060458261114605,0.153253375940726,0.3359375,0.13647139613957834,66.14125345688329,73.6734766196888,0.25,0.27464635148281447,0.9203703703703704,0.02686443346959083,12.842105263157896,0.07224334600760456,0.37424015613347195
1018,0.13353506838528392,0.18934861418530763,1.2957940391215454,0.884907048240466,0.028,0.9360000000000002,0.0021081851067788746,0.34312290713202037,0.8638842434377954,0.0,0.0248863378211068,0.09251874540909347,0.34312290713202037,0.42678976372632627,0.17948965572715797,0.18343896937826648,205223427.58617753,4516693491.96834,0.8371305652826413,9311617356.060068,50610211569.32612,0.898,0.03392802839999862,30.56624537845297,0.9620552526066846,0.037784040667152775,0.21514548375728465,8.184415634134346e-05,0.594,0.4085,0.5,0.6165971131946695,33.94240280055384,42.919854841530764,415919.12740748166,20.85114911401692,33.16568217430029,0.6304212868606593,0.21295373897564526,35.714285714285715,16790.727678571428,103868.94966162757,1.6276913965374107,0.878335419066325,2.7345612250230227,4.74743575811349,0.055515554064701655,0.0605,0.0675,113.0,11.0,3.2293298729878046,0.008849557522123894,0.04114835338637025,102797.52859166976,246475.97486603717,0.5,0.031287910671971134,0.9315000000000001,0.012258783698955498,0.93752175,1112.5456874999998,5035.513014942475,82415.71428571429,261035.16329112824,22160.434187500003,93313.96423516075,18917.276785714286,133592.72220888786,-15.267857142857142,892.6922607498047,0.011225549716155117,0.014195291435269548,0.1415,0.2942221290495281,0.16225402916886236,0.1005,0.3007407064004524,0.1095,0.31234360768972413,0.3555,0.043169562322440916,112.0,2.0,0.056,6.222222222222222,4.722356783934399,2.9473684210526314,2.650317353981152,56.0,8.0,0.0,2.0,0.03701298701298701,2000.0,2.0,56.0,40.0,114.43256872816828,0.898,0.012736648783028545,0.9360000000000002,0.0021081851067788746,82430.98214285714,260995.40623553938,26965.53346186246,93490.95553979596,0.7892235532293146,1.2945360577007496,0.20694343891996075,0.22236212031297756,0.2505,0.028,0.001,0.03571428571428571,14910.372738095237,89393.57675786181,10.053333333333333,3.4339169638017912,0.04843200021715826,0.08804817885229907,0.027222692438986448,0.07034797680901222,9311617356.06007,37647678465.90048,0.017857142857142856,0.02627581698859786,0.9360000000000002,0.0021081851067788746,14.565140845070422,0.06424612600384572,0.3440747759396017
1487,0.08207823517996597,0.09037925035420526,3.5041928607538706,0.25255934264312485,0.036,0.9365,0.0024152294576981885,0.3411847070084425,0.8650093154360435,0.0,0.003762712018691644,0.002141971184378838,0.3411847070084425,0.41630147456254807,0.35188404212945107,0.3045276352249838,25.50149263987556,104.3834001280386,0.8232031015507754,220.33470654874833,1237.2688617999795,0.8955,0.022416511771459913,11.5680953906155,0.973585737525506,0.018528130403633925,0.20999454375200607,6.212832747632913e-19,0.738,0.2095,0.5,0.6173042199758559,33.94240280055384,42.919854841530764,68.1944378599933,20.85114911401692,33.16568217430029,0.6739346480659643,0.187913627831158,27.77777777777778,10.076875000000001,16.278236311737665,3.815883973917537,0.2509189774257421,1.468492570327425,9.041915750487522,0.04154189815077092,0.05400000000000005,0.09550000000000003,83.0,7.433734939759036,2.269590975744079,0.012048192771084336,0.05021718771313309,6080.900521700522,12271.061349355228,0.5,0.008519358809476464,0.9365,0.0070906824620608384,0.9645015,7.547451022416666,12.43155530471228,316.43208333333337,1447.7320838887806,296.4671380022153,1419.6486865773013,296.9584624583333,1420.0029869891032,268.7555555555556,1377.3867961805954,0.029493593844776306,0.01548043090637388,0.1215,0.4041325981295078,0.07472037963337122,0.076,0.26506438758305956,0.0985,0.2980640385647734,0.693,0.03276176633414828,82.0,1.1388888888888888,0.041,6.3076923076923075,5.3756335345181325,1.9069767441860466,0.9465212871696747,72.0,0.0,0.0,2.0,0.2863849765258216,2000.0,0.0,72.0,59.0,117.81199962257254,0.908,0.017981471945681587,0.9365,0.0024152294576981885,47.67652777777778,87.71758383087155,7.629662788734358,12.822104902941419,0.1043870138200371,1.1279822474556067,0.007419054337283586,0.005786652654790838,0.419,0.036,0.002,0.05555555555555555,296.99875278116895,1419.9279143168194,6.484848484848484,2.59362741698238,0.081509567677588,0.11506063456009134,0.06928887424698796,0.0535070226359802,220.33470654874833,836.5484432109688,0.013888888888888888,0.018959260160662197,0.9365,0.0024152294576981885,14.7875,0.06334125098970704,0.34056806590397437
38,0.09125924553281761,0.1862995770648281,0.9680912448474132,1.3366716486673007,0.0145,0.966,0.013080944580232401,0.33533353587867765,0.8683788848552882,0.0,0.04088158838254011,0.1278788672698395,0.33533353587867765,0.42154480599942945,0.17948965572715797,0.18343896937826648,3.289143124852635,44.17108031893528,0.8000130065032516,105.15902792223153,380.4634305675035,0.9584999999999999,0.011067971810589336,24.946199592815038,0.9620552526066846,0.037784040667152775,0.18137285975859943,8.184415634134346e-05,0.8625,0.6785,0.5,0.6194255403194155,8.921659190308857,27.69996401117906,21.74094460063581,7.830822992943314,24.546375285166885,0.6932437264335486,0.2401084891339249,68.96551724137932,3.330344827586207,9.483534031888649,1.2899825113082168,1.3201231016735646,2.7345612250230227,4.74743575811349,0.035856577591579675,0.03149999999999997,0.031000000000000028,33.0,5.757575757575758,1.561855927860806,0.0303030303030303,0.15210542907151703,455.4539682539683,453.45190292806734,0.5,0.1499923475244192,0.9479999999999998,0.007888106377466161,0.95442475,2.4176604827586208,7.042588472768144,61.814482758620684,154.1957089357132,9.65235870689655,29.148119041437184,9.28896551724138,28.334518870203375,0.185,0.5380553609328425,0.01344226941787397,0.034130545020429365,0.0755,0.21428448096272923,0.14716440929456362,0.042,0.20063929840395678,0.0975,0.2967115920965041,0.32,0.04163331998932266,32.0,1.103448275862069,0.016,3.5555555555555554,2.2973414586817036,4.0,1.5118578920369088,29.0,20.0,0.0,2.0,0.012315270935960592,2000.0,2.0,29.0,26.0,71.01843786586792,0.9105000000000001,0.017865236261148835,0.938,0.002581988897471556,61.629482758620696,153.78455446979356,3.9061368254814712,9.649449591376822,0.7892235532293146,1.2945360577007496,0.4220926357785467,0.25833240893571047,0.126,0.0145,0.002,0.13793103448275862,9.317302011494252,28.459866469299804,4.861538461538461,1.9354983456861559,0.12082170557450626,0.10558060147962241,0.13458806818181818,0.09452419240330057,105.15902792223159,296.64221546165555,0.03448275862068966,0.10970262602490281,0.938,0.002581988897471556,15.064935064935066,0.06224737267582862,0.3363022926151479
1040,0.011077291654153804,0.04173322875530084,0.8776786077024853,1.3730664626890798,0.05,0.942,0.010327955589886402,0.3333708032449482,0.8695001890760934,0.0,0.023672027307666158,0.06901212394021734,0.3333708032449482,0.4932032859186769,0.17948965572715797,0.18343896937826648,87.63734458072472,935.7467766165975,0.8237028514257129,5549.976699624811,18677.02933922749,0.942,0.00888194172964945,21.557457673176017,0.9620552526066846,0.037784040667152775,0.02428184524644665,8.184415634134346e-05,0.259,0.0,0.5,0.6201326471006021,59.36278244454408,187.16454178411948,590.1663600139666,54.938542466339634,181.29266862363949,0.5393095623962834,0.16665747181826981,20.0,42.495,103.90424508394567,1.1955851197355916,1.3605605622851504,2.7345612250230227,4.74743575811349,0.004997115475592895,0.0034999999999999476,0.01100000000000001,35.0,6.3428571428571425,2.057166199680824,0.028571428571428564,0.1426437944701428,826.5777777777779,928.3437609862477,0.5,0.14142135623730948,0.9719999999999999,0.010593499054713811,0.72277675,29.518566,70.19248496774073,188.05,378.0000901875794,91.15125000000002,211.36907056635164,87.37,209.65165456687023,14.8,64.97380979745579,0.015464291211841834,0.030763160041556204,0.0325,0.2566076482543814,0.09397058085689444,0.022,0.1467200169768626,0.0795,0.2705852142654686,0.975,0.008498365855987983,34.0,0.34,0.017,3.4,1.6465452046971294,1.7,0.8645047258706176,100.0,79.0,0.0,2.0,0.0034343434343434343,2000.0,1.0,100.0,92.0,55.75517847403183,0.9649999999999999,0.0074535599249993065,0.9445,0.011890705987824612,173.25,351.45068407008876,30.55168799571456,68.28764962384348,0.7892235532293146,1.2945360577007496,0.4059109596582205,0.20732180856489016,0.083,0.05,0.0065,0.13,88.94384166666667,211.10305152959762,5.449275362318841,2.336011129380581,0.10386870323706993,0.11261210702959548,0.12025669642857142,0.11112162151188404,5549.976699624813,16140.597289473264,0.01,0.054166331949719836,0.9385,0.0024152294576981885,15.247178329571106,0.06154914901007294,0.333564012148065
1139,0.06560248528411768,0.09588266360744356,3.459422554717355,8.926528984957934e-16,0.06472491909385113,0.9501675743611226,0.003023973770334272,0.2857091921720969,0.8953831943591555,0.0,0.0012646337890367728,0.0009618185239645012,0.2857091921720969,0.460665779263259,0.31959385440254984,0.2910881967450215,299776561.82733476,797538926.2618864,0.8120126766939987,1436646268.6442187,9094983598.879986,0.9100335148722246,0.019177009264692083,30.076000965540924,0.9950388037439459,0.010580737604214076,0.16785993517784414,3.564947209921969e-39,0.8200647249190939,0.0,0.5,0.6366249402139078,48824.88212465886,27575.477640170055,80243.61274960928,41965.196963886236,28224.75221308253,0.6025299973230916,0.17855200686235517,15.45,30163.811000000005,11692.82958063603,3.7356321730431996,0.007375421377804309,147.95059774306716,411.17601194075627,0.03343013237804826,0.03883495145631066,0.088673139158576,57.0,7.140350877192983,2.1748447932408226,0.017543859649122806,0.07025227804073925,2281.9382395382395,2613.22567129377,0.5,0.08683767488255846,0.9404398826979472,0.009636842185766414,0.9689131869167688,21205.1355768,8548.979138554963,510031.81499999994,986287.2604530271,55582.60149255664,26051.729810709396,51251.70299999999,27109.585771559592,3729.6480000000006,4514.176542075671,0.009499573846251814,0.007375421377804309,0.11326860841423948,0.4136446182672227,0.06834491646015138,0.07572815533980583,0.2646483220101231,0.07572815533980583,0.2646483220101231,0.4625848345203184,0.15477545770099063,56.0,0.56,0.036245954692556634,5.090909090909091,2.773248833211526,1.4736842105263157,0.7965073116938678,100.0,0.0,0.0,2.0,0.29353535353535354,1545.0,0.0,100.0,100.0,363.16607846912177,0.9229828236279849,0.01593609511734728,0.9501675743611226,0.003023973770334272,506302.16699999996,986432.0794136999,30599.101712879823,22480.99630707323,4.933185517877339,10.588843379419473,1.506413936835071e-06,4.6983062809489245e-06,0.5061488673139158,0.06472491909385113,0.007766990291262136,0.12,52029.297103559875,26678.488842697494,6.212389380530974,2.4801041432397133,0.09746959098516438,0.12899867900753706,0.08609169407894737,0.08365351283220669,1436646268.6442192,3184045215.905431,0.010000000000000002,0.018942123476070594,0.9501675743611226,0.003023973770334272,19.064935064935064,0.04983818770226537,0.28570919217209684
1146,0.06560248528411768,0.09588266360744356,3.459422554717355,8.926528984957934e-16,0.06472491909385113,0.9553414327607876,0.0020072038663684795,0.26326539563132384,0.9067079429332257,0.0,0.0028432496268615227,0.0031856972570980537,0.26326539563132384,0.4616881676032494,0.31959385440254984,0.2910881967450215,299776561.8273347,797538926.2618864,0.8127370592082097,1436646268.6442194,9094983598.879986,0.922987012987013,0.017616884849103776,13.380507259704641,0.990624899148417,0.014507815519185518,0.06306993910320331,6.893093886437472e-59,0.4925566343042071,0.0,0.5,0.6439477288863898,48824.88212465884,27575.477640170044,112087.06033820109,41965.196963886236,28224.75221308253,0.5580553186343883,0.16125112686688883,15.45,30163.811000000005,11692.82958063603,3.703012657736705,0.019608358990159475,147.9505977430671,411.1760119407562,0.0011589202250231745,0.001941747572815511,0.039482200647249166,33.0,5.454545454545454,1.201325026036592,0.030303030303030304,0.12057811784024948,332.4952380952381,243.67180113149465,0.5,0.02142747821777415,0.976707163803938,0.011061935326243135,0.9611885087085389,21205.1355768,8548.979138554963,510031.81499999994,986287.2604530271,55582.60149255664,26051.729810709396,51251.70299999999,27109.585771559592,3729.6480000000006,4514.176542075671,0.019675292611973448,0.019608358990159478,0.05501618122977346,0.3982210892254873,0.06078192515620951,0.03171521035598705,0.17529759059154204,0.04789644012944984,0.21361625960317907,0.9268998743192292,0.02797781284623912,32.0,0.32,0.020711974110032363,4.0,2.8284271247461903,1.6842105263157894,1.1572300058975775,100.0,0.0,0.0,2.0,0.29353535353535354,1545.0,0.0,100.0,100.0,174.8257233039632,0.9708755760368664,0.014386066146662572,0.9553414327607876,0.0020072038663684795,506302.16699999996,986432.0794136999,30599.101712879823,22480.996307073234,4.933185517877339,10.58884337941947,1.506413936835071e-06,4.6983062809489245e-06,0.3883495145631068,0.06472491909385113,0.007766990291262136,0.12,52029.29710355987,26678.488842697498,4.553846153846154,1.6773376340085913,0.15432078426769996,0.15089947943114887,0.14275568181818182,0.07383930365706098,1436646268.6442187,3184045215.9054303,0.010000000000000002,0.03650739938311247,0.9553414327607876,0.0020072038663684795,21.391304347826086,0.04466019417475728,0.26326539563132384
311,0.08939840209528277,0.12523502224529634,2.848414143188567,0.7736934726103989,0.052294557097118465,0.9477121940059483,0.013684770144854422,0.2592588744223089,0.9086733698198999,0.0,0.0132169120581329,0.07106729419583359,0.2592588744223089,0.3040168911713089,0.17948965572715797,0.18343896937826648,54970993.5401527,999262437.8092957,0.8253131014603801,299548282875.5558,2096828143233.8882,0.9359871882864332,0.02602904845998516,18.768944910558446,0.9620552526066846,0.037784040667152775,0.05953063536273091,8.184415634134346e-05,0.7449306296691569,0.0,0.5,0.6452255047113107,33.94240280055384,42.919854841530764,923326.5060939909,20.85114911401692,33.16568217430029,0.7665547455364894,0.30943514716449877,19.122448979591837,4460.101020408163,29327.321659693756,3.0938598344160937,0.7698588658553585,2.7345612250230227,4.74743575811349,0.019220826781676914,0.019210245464247544,0.0768409818569904,35.0,6.485714285714286,2.441930631710089,0.02857142857142857,0.11635723936807833,1134.5777777777778,1302.3872781251443,0.5,0.020203050891044183,0.9541180507892932,0.017397478074591376,0.9279746779214301,2621.9254525714287,17138.98628809948,1463559.2765306123,10186705.383199131,16103.506455470133,109906.56765023358,4061.272653061225,26590.197147318515,1506.137142857143,10038.919785854907,0.013813183194781671,0.013000249064621982,0.06616862326574173,0.30751379485278585,0.09283952467753581,0.0384204909284952,0.19231179701719017,0.14194236926360726,0.34917739853763274,0.9094028826355526,0.07703603294054678,34.0,0.6938775510204082,0.03628601921024546,3.4,1.955050439815357,1.4782608695652173,0.7902568752334616,49.0,1.0,0.0,2.0,0.1607142857142857,937.0,1.0,49.0,38.0,205.20982890204752,0.9231754747197437,0.03255927422044746,0.9562457103637613,0.0033229020246414672,1462053.1393877557,10176670.772691375,78741.02242778486,547228.9774183991,0.7892235532293146,1.2945360577007496,0.060873348201620735,0.1658138201153723,0.13553895410885805,0.052294557097118465,0.0010672358591248667,0.02040816326530612,4490.108105629462,29485.064419743845,5.594202898550725,2.675151675632343,0.112028957217592,0.17434577228357506,0.1256138392857143,0.10401168278258567,299548282875.5557,2096816450729.2095,0.02040816326530612,0.04861676593004567,0.9615648592999314,0.01034289063359425,21.853658536585368,0.04375667022411953,0.2592588744223088
947,0.2094036907364202,0.37750952922918113,2.9798481391454947,0.032529462299632314,0.007155635062611807,0.8910064935064936,0.2759108683354209,0.2555855667489857,0.9104605632476874,0.0,0.011855818997394175,0.007470080841234176,0.2555855667489857,0.3598672630955345,0.23712558795669014,0.36974072250224455,1519103.7835847838,3293702.5503039593,0.8394470412474914,10859963676.741411,21719883080.359974,0.7588636363636365,0.3106472757999935,5.816639104524835,0.8987774805939777,0.16935482376680114,0.06367819537583912,0.0009008598628730706,0.9338103756708408,0.4186046511627907,0.5,0.6463892042689192,101.65414035447859,172.29591801229074,611734.0017952279,50.81973038509623,74.71486663507206,0.33925597591999934,0.18345449959877064,139.75,247.25,255.49869536522752,3.191493285635269,0.01509322494231486,25.04972137483311,52.42735907950878,0.019938927748049173,0.02146690518783545,0.01073345259391767,28.0,7.035714285714286,2.2191446943818636,0.03571428571428571,0.0885698643348442,937.688888888889,927.0683692194084,0.5,0.1515228816828316,0.9749350649350648,0.017297609263140182,0.9113354091928789,167.90445,171.6420348197084,739424.125,1478142.6405506548,6781.073121645796,13305.53879646634,169.625,158.0123281055416,8.125,10.680004681646913,0.04394042025921163,0.026640100764845492,0.0626118067978533,0.1560556224338842,0.149057158580648,0.04830053667262969,0.21459257683333208,0.12343470483005367,0.3292301364335723,0.9749350649350648,0.01923717661780981,27.0,6.75,0.04830053667262969,2.7,1.5670212364724212,6.75,2.9860788111948193,4.0,0.0,0.0,2.0,0.16666666666666666,559.0,0.0,4.0,1.0,66.81564949918298,0.8995779220779221,0.07528019815647645,0.9570779220779219,0.00916763131433601,739416.0,1478141.3919604127,52178.258977658516,104162.64824335577,2.503366541262749,4.71855719457382,0.03047751811533895,0.03170911989510808,0.07155635062611806,0.007155635062611807,0.0017889087656529517,0.25,182.70289317507417,173.7460879467523,6.181818181818182,2.396686826456003,0.10019740075639161,0.12250713227222475,0.09012276785714286,0.12401471025646531,10859963676.741404,21719882035.41201,0.25,0.2440392377266901,0.9124350649350648,0.2083069950180743,22.291666666666668,0.04293381037567084,0.2555855667489857
977,0.03044268822078079,0.04377834635162029,2.8064238578699534,0.205177807091084,0.008,0.959,0.002108185106778922,0.24685851466035827,0.914650267755779,0.0,0.004686650769103269,0.004885290482025778,0.24685851466035827,0.523171617502991,0.18104935475003373,0.209545866784421,0.9029914790728697,1.092094967197404,0.8092266133066534,5.174007488119059,5.978355249588956,0.916,0.05092478113191387,12.279564027652812,0.9889388498311487,0.01484711956682226,0.13433164952426152,4.3732104492192115e-05,0.5575,0.1205,0.5,0.6491240251292506,1.4661219601315763,3.154604710192274,5.097276120983311,1.4175500028471344,3.0513783850456324,0.6970126613408056,0.13507552131611045,125.0,2.625,0.8850612031567836,3.0331791739066105,0.20719228878593707,0.5175099045295556,0.6488634703118472,0.01988095111027699,0.019499999999999962,0.025000000000000022,39.0,6.0,1.3572417850765923,0.025641025641025637,0.08935153436655253,525.5619047619048,323.68473219708846,0.5,0.19944037418082114,0.9640000000000001,0.008755950357709139,0.95102225,2.038575,0.7413,14.5625,0.7274384280931732,5.970281249999999,1.8105181759996225,5.8125,1.8337120820892248,0.25,0.5773502691896257,0.020103198623700996,0.015675316160561812,0.023,0.25468326214712683,0.10422711438314369,0.0115,0.10664631600931734,0.0675,0.2509486752680903,0.9734999999999999,0.011796892246124268,38.0,2.375,0.019,4.75,3.011881234615431,2.923076923076923,1.4411533842457842,16.0,0.0,0.0,2.0,0.13333333333333333,2000.0,0.0,16.0,15.0,138.60086205193605,0.9934999999999998,0.004743416490252573,0.959,0.002108185106778922,14.3125,0.7932002689527196,2.2396858423673423,0.41028746425675533,0.25930852125344184,0.43688678540283865,0.06646890294964332,0.004466205728935313,0.117,0.008,0.006,0.75,5.892447916666667,1.9030272051136783,5.090909090909091,1.7931288310616973,0.14127395562971548,0.09335332818908892,0.11618589743589744,0.09287522743736262,5.174007488119059,1.9418326105616028,0.0625,0.07500493666118996,0.959,0.002108185106778922,23.307291666666668,0.041139918577244486,0.2474944824895555
1142,0.06560248528411768,0.09588266360744356,3.459422554717355,8.926528984957934e-16,0.06472491909385113,0.9605194805194804,0.001999923535862013,0.23991304091690965,0.9179284280842457,0.0,0.0014943291865402548,0.0009782751987066427,0.23991304091690965,0.461567438147894,0.31959385440254984,0.2910881967450215,299776561.82733476,797538926.2618864,0.8121510136324765,1436646268.6442194,9094983598.879988,0.9281524926686217,0.017118224287652497,21.885663275239608,0.9963030383105785,0.005417022035601348,0.15223791937494416,4.182668875655961e-49,0.7553398058252427,0.0,0.5,0.651270517558872,48824.88212465886,27575.477640170055,83526.67911952859,41965.196963886236,28224.75221308253,0.5461053218000365,0.15922955556479973,15.45,30163.811000000005,11692.82958063603,3.688373485969151,0.006473481706955033,147.9505977430672,411.1760119407564,0.02205968816725279,0.0297734627831715,0.09644012944983815,52.0,6.846153846153846,2.1271781490575856,0.019230769230769232,0.07024863642386482,2045.648484848485,3628.964198740943,0.5,0.08158924398306319,0.9521156263091747,0.01141536916484473,0.9748255673903709,21205.1355768,8548.979138554963,510031.81499999994,986287.2604530271,55582.60149255664,26051.729810709396,51251.70299999999,27109.585771559592,3729.6480000000006,4514.176542075671,0.010962109665112858,0.006473481706955035,0.1022653721682848,0.4149362941615909,0.060535401056704276,0.06731391585760518,0.25064599536806353,0.0627831715210356,0.2426510965128711,0.6317637201508169,0.058180461799350956,51.0,0.51,0.03300970873786408,4.25,2.9886147596868655,1.3421052631578947,0.6688560540599388,100.0,0.0,0.0,2.0,0.29353535353535354,1545.0,0.0,100.0,100.0,314.5799987777024,0.9313573523250943,0.01923888856160962,0.9605194805194804,0.001999923535862013,506302.16699999996,986432.0794136999,30599.101712879823,22480.996307073234,4.933185517877341,10.588843379419473,1.506413936835071e-06,4.6983062809489245e-06,0.5210355987055016,0.06472491909385113,0.007766990291262136,0.12,52029.29710355986,26678.488842697494,5.922330097087379,2.4362029294574477,0.0853584652984237,0.09872513965975341,0.0937030498798077,0.08292770358229595,1436646268.6442187,3184045215.9054303,0.009999999999999998,0.018748348982115425,0.9605194805194804,0.001999923535862013,24.327868852459016,0.039482200647249194,0.2399130409169096
1039,0.03170760106957194,0.08087933129437257,0.9564986331421855,0.03402323271545263,0.05,0.9644999999999999,0.001581138830084191,0.22126496256631048,0.9264863199467966,0.0,0.0026368893365424596,0.0032779807053545883,0.22126496256631048,0.5613639400618909,0.14767093020273603,0.14620757627991177,0.03473421907923658,0.034249820607037344,0.8326163081540771,0.23528637818909467,0.4879148841447342,0.907,0.18166207945278812,115.12151383816828,0.9973630644578511,0.0032779812682301864,0.19854103883975074,1.0,1.0,1.0,0.5,0.6569021997223027,0.0,0.0,1.344287225388032,0.0,0.0,0.584042108701534,0.19138302876442453,20.0,1.0,0.0,1.1758415834347749,0.03418570030122939,-1.7387119704325145,0.2118973232662292,0.03427018170905438,0.035499999999999976,0.035499999999999976,116.0,8.155172413793103,2.10011779494001,0.008620689655172414,0.02694693825389761,9931.219358419361,20240.91223903909,0.5,0.29259590945650243,0.9530000000000001,0.017669811040931405,0.9784745,0.0,0.0,1.0,0.0,0.44472000000000006,0.10906112918446195,0.29,0.4560480215720686,0.0,0.0,0.0019220122737210786,0.0023972733913172456,0.075,0.3205625271843249,0.12443222395191916,0.0515,0.2210705455121657,0.042,0.20063929840395678,0.7955,0.014615440845595849,115.0,1.15,0.0575,8.214285714285714,7.213007176446765,1.7164179104477613,0.867004074459227,100.0,100.0,0.0,2.0,0.0301010101010101,2000.0,0.0,100.0,0.0,496.6547997221541,0.9469999999999998,0.012292725943057168,0.9644999999999999,0.001581138830084191,1.0,0.0,0.4849179562520885,0.01193221145023065,0.23333063627202677,0.4580519244689294,0.4997498749374688,1.1158161231197418e-16,0.1585,0.05,0.0255,0.51,0.4078666666666667,0.1817685486407699,7.194805194805195,2.460323208030379,0.07419389512982201,0.07605403988144015,0.04917644632273707,0.05684788714787987,0.2352863781890945,0.011533147366515367,0.010000000000000002,0.011429398221589284,0.9644999999999999,0.001581138830084191,27.22818791946309,0.035425582501188775,0.22091032901501495
950,0.2009955367010654,0.37719733980095255,2.97989423108056,0.03256712351109845,0.007155635062611807,0.9213961038961038,0.2113117589718326,0.21401923999367883,0.9297166402361959,0.0,0.012329346175240626,0.007868784727193386,0.21401923999367883,0.3607745877461115,0.23737723183791215,0.36979158619565855,1328821.293135783,2884361.2721354817,0.8365937638255718,8185798846.27293,16371553437.144909,0.8795779220779221,0.23775046121288101,5.003888761553763,0.8752376815529254,0.22377924446785197,0.03383878125330826,0.0008260156126042382,0.7441860465116279,0.29338103756708406,0.5,0.6590386994600916,101.39453634071762,171.7813796392858,676647.9106975483,55.29133128436831,83.32874707044657,0.40860238395038057,0.16856160077010535,139.75,226.375,233.95347650049285,3.151142887995324,0.009344013088864546,25.489319124760915,53.30655378014522,0.010682341872521373,0.012522361359570633,0.0017889087656529634,14.0,5.0,1.7974340685458343,0.07142857142857142,0.1787869028872561,127.94285714285714,91.2948481790145,0.5,0.20203050891044216,0.983896103896104,0.017761583486316197,0.7853661502619359,158.63819999999998,161.70991260525741,649146.875,1297588.1485122296,5953.461314847943,11650.406198197825,171.125,160.25728012584432,7.875,10.633085159068369,0.042770583078913904,0.026549932060423068,0.03577817531305903,0.10232227812824564,0.11537716037126464,0.016100178890876567,0.12597361610024915,0.07334525939177101,0.26093588236229387,0.983896103896104,0.019655419760104736,13.0,3.25,0.023255813953488372,1.8571428571428572,0.6900655593423541,3.25,2.6299556396765835,4.0,0.0,0.0,2.0,0.16666666666666666,559.0,0.0,4.0,1.0,68.67158305002536,0.9820454545454546,0.023973290587011854,0.9660389610389611,0.005544253040554944,649139.0,1297587.4001181321,45310.38037045619,90426.90069485236,2.5161202846684745,4.74404026078777,0.030488823429089214,0.03169490510044519,0.04114490161001789,0.007155635062611807,0.0017889087656529517,0.25,179.28523738872403,168.68632627019187,4.222222222222222,1.9676876967127865,0.1332356597885714,0.12749517640138822,0.18526785714285715,0.13543537663081928,8185798846.272941,16371552374.482635,0.25,0.31571138770745344,0.9446103896103896,0.13817012720564098,28.42105263157895,0.03398926654740608,0.2140192399936788
310,0.05261864943383541,0.07097117650185225,3.0769814584041266,0.7488431029331429,0.003,0.975,0.0052704627669473035,0.2067783098654222,0.9328922621350157,0.0,0.011915737357779876,0.012009357006405885,0.2067783098654222,0.36772225401798364,0.1765606584226416,0.20631021694945362,0.18631529427822732,0.19604581167058724,0.8028439219609804,1.1156674396101434,0.686811617573022,0.9715,0.006687467549246299,5.454697514422239,0.9397345105077006,0.09600041049951824,0.0724021058732558,0.0017247593095960207,0.77,0.5965,0.5,0.661144840409422,33.94240280055384,42.919854841530764,3.876619384014629,20.85114911401692,33.16568217430029,0.6546913996506046,0.21710331219680395,333.3333333333333,1.1062153329166666,0.6772724713764406,3.2458514682549837,0.7617934185182932,69.68605697527177,111.88703264911554,0.018532128449625485,0.019499999999999962,0.015499999999999958,42.0,7.595238095238095,2.389606803144674,0.023809523809523808,0.11514608708288536,2105.39393939394,2225.7975416689096,0.5,0.10101525445522107,0.9719999999999999,0.009189365834726822,0.86795025,0.44710930206173005,0.32215987914383326,12.101457016666666,10.205111579221283,0.2825618155355,0.09868012334883819,0.13660325604999998,0.471192298363673,-0.66861479,0.22970529647199106,0.037908300014565355,0.01994619352867112,0.0305,0.17764928384305717,0.13091390565441283,0.0195,0.13830876565615305,0.0455,0.20845017567243485,0.9455,0.009264628073124845,41.0,6.833333333333333,0.0205,3.727272727272727,2.1489955370316194,6.833333333333333,3.0605010483034745,6.0,0.0,0.0,2.0,0.06666666666666667,2000.0,0.0,6.0,5.0,80.16907002481963,0.9790000000000001,0.007378647873726226,0.9675,0.0026352313834736517,12.77007180666667,10.12677882381431,1.0520933085196074,0.10256964333608558,4.445573425922933,4.724229993589592,0.0023647691859361836,0.003381197408695274,0.055,0.003,0.0025,0.8333333333333334,0.10425528474944445,0.30356340457792125,6.698795180722891,2.6120496566407345,0.08060296081202557,0.11295529608836316,0.08426339285714286,0.12683705443001211,1.1156674396101436,0.21954427163861984,0.1666666666666667,0.15737846062297922,0.9675,0.0026352313834736517,29.901574803149607,0.03236081029430501,0.20609642679241197
951,0.2094036907364202,0.37750952922918113,2.9798481391454947,0.032529462299632314,0.007155635062611807,0.9535714285714285,0.14682003422210332,0.15935006268563445,0.9524079320113314,0.0,0.017486324861726382,0.011662604570511149,0.15935006268563445,0.36033343437405274,0.23712558795669014,0.36974072250224455,1519103.7835847838,3293702.5503039593,0.8330544174505164,10859963676.741411,21719883080.359974,0.9535714285714285,0.14682003422210332,3.0361858491086826,0.8072503958984322,0.31826804175013396,0.01078090567691991,0.0,0.0,0.0,0.5,0.6742180936894988,101.65414035447859,172.29591801229074,1129514.5583003974,50.81973038509623,74.71486663507206,0.4058435878011749,0.15616933070411404,139.75,247.25,255.49869536522752,3.0867145692061984,0.0026594624740079184,25.04972137483311,52.42735907950878,0.0005779956076398252,0.0017889087656529634,0.0,2.0,1.0,0.0,0.5,0.6742180936894988,4.0,0.0,0.5,0.0,0.9928246753246753,0.009263778467742524,0.3873195490285809,167.90445,171.6420348197084,739424.125,1478142.6405506548,6781.073121645796,13305.53879646634,169.625,158.0123281055416,8.125,10.680004681646913,0.052483632624931054,0.0350401618438754,0.007155635062611807,0.042112114577179414,0.0573870795497473,0.0035778175313059034,0.05976123887546847,0.07871198568872988,0.2695298994914759,1.0,0.0,1.0,0.25,0.0017889087656529517,1.0,2.6267851073127395,1.0,1.6037897047351457,4.0,0.0,0.0,2.0,0.16666666666666666,559.0,0.0,4.0,1.0,55.776712855237676,0.9981818181818183,0.0057495957457606925,0.9767532467532469,0.008603998202449,739416.0,1478141.3919604127,52178.258977658516,104162.64824335577,2.503366541262749,4.71855719457382,0.03047751811533895,0.03170911989510808,0.025044722719141325,0.007155635062611807,0.0017889087656529517,0.25,182.70289317507417,173.7460879467523,0.6666666666666666,0.5773502691896258,0.5,0.09691127378780426,0.5,0.0,10859963676.741404,21719882035.41201,0.25,0.5,0.9535714285714285,0.14682003422210332,42.0,0.023255813953488372,0.15935006268563445
1056,0.10697251741199014,0.17217564827552148,2.725354062768408,1.0204972380476265,0.019,0.975,0.004714045207910321,0.1579685469996634,0.9529431720377192,0.0,0.0024000269492341912,0.0024919420656998757,0.1579685469996634,0.3832058491659214,0.4214722285827936,0.31436216578091175,80467025.11609565,2061499718.3965182,0.8131945972986494,25965290493.851856,160060657703.8041,0.9494999999999999,0.040169778579313954,14.433641661546229,0.9910594334991997,0.00980224067511034,0.15975117784530113,7.449659201665748e-15,0.9,0.696,0.5,0.6745798692519663,1.15724598667244,3.441128281758078,62924.924893805575,0.6442863539419462,1.7624732603157236,0.6865147267911578,0.2526797987481779,52.63157894736842,257.4307236842105,1361.1652189047622,2.8723781405409796,1.0167234039771142,221.22431945116708,273.9413870225966,0.02202261341675049,0.022499999999999964,0.02300000000000002,65.0,9.307692307692308,2.726737272611014,0.015384615384615384,0.07322780002919235,11802.252103452105,16808.317086161656,0.5,0.25020701488139374,0.9639999999999999,0.011498792207106904,0.94138775,84.97677963157894,417.30470610163695,867015.8078947369,5054746.677700773,1563.9056592105267,8970.406844536126,61.75776315789473,291.2936788096438,0.21052631578947367,0.4740791778345997,0.010944469227091837,0.005626491918552915,0.0495,0.16061903730221902,0.16844489155477027,0.03,0.17062988389681133,0.043,0.20290782585424458,0.9164999999999999,0.07728195132112026,64.0,1.6842105263157894,0.032,4.571428571428571,3.2513733362117265,2.206896551724138,1.3196133184932728,38.0,4.0,0.0,2.0,0.3755334281650071,2000.0,0.0,38.0,35.0,248.01655861227988,0.962,0.010852547064066482,0.977,0.0025819888974716134,867015.5973684211,5054746.714766525,27613.337483863805,160884.89886809175,10.097017612641794,8.22738111019154,0.06921060336577117,0.15066771556374658,0.072,0.019,0.0005,0.02631578947368421,99.56574627192981,499.47583183184105,8.387596899224807,2.9349991416081043,0.06272326646447614,0.10036084364985125,0.04502892127403846,0.09126466190887532,25965290493.851868,159555338780.28027,0.02631578947368421,0.030758684905938312,0.977,0.0025819888974716134,42.82608695652174,0.022817460317460316,0.15698018082343454
1452,0.11361912503725263,0.11417283765742618,2.628722313288586,0.702226601672,0.04832214765100671,0.9772252252252253,0.00893470862465009,0.1496523493705478,0.9561253872036141,0.0,0.004001954053034398,0.002466100041063958,0.1496523493705478,0.4579710467999387,0.49473388037719424,0.35631148111546934,354895.87754837575,6037026.472813325,0.7987695749440715,72141976.69127023,432819681.55976665,0.9624684684684685,0.01859245473483157,8.385893788219201,0.9896338148820912,0.005751044009329203,0.10857391372915262,5.029197070949894e-16,0.35838926174496644,0.0,0.5,0.6767344093771924,71.39974597754957,342.6091285998661,33403.905995766334,24.563410761412005,97.70545935507995,0.5497941525754003,0.2026809460929307,20.694444444444443,180.7902777777778,942.4762132913067,2.7605289382617197,0.6939638135419783,132.59292199526806,121.84248777828678,0.019291025003232654,0.018791946308724827,0.024161073825503365,23.0,6.0,2.215646837627989,0.04347826086956521,0.14693583474384164,498.5269841269842,658.5577513827964,0.5,0.09223131928520183,0.9584324324324325,0.01933375220060336,0.8530714832665195,75.75509433333333,378.3717454807334,26635.329444444447,146987.00679026605,394.71829530201353,2103.622543029046,66.96305555555554,304.8783074588421,2.1041666666666665,4.243822653491273,0.017845724397414227,0.010750670209038336,0.05771812080536913,0.22473106393391137,0.1530141225356808,0.040268456375838924,0.19672023933873803,0.0348993288590604,0.1836481319182851,0.9221621621621621,0.059621522096204825,22.0,0.6111111111111112,0.02953020134228188,2.2,1.1352924243950935,1.6923076923076923,0.7510676161988107,36.0,1.0,0.0,2.0,0.5158730158730159,745.0,0.0,36.0,35.0,146.30263982276207,0.9543603603603603,0.02211728327042698,0.9785585585585587,0.006824155010998541,26633.22527777778,146983.36069549964,1538.1102218629273,8471.705800436373,8.312763557607276,5.526720454226255,0.03570105807287147,0.081793623796373,0.11812080536912752,0.04832214765100671,0.0013422818791946308,0.027777777777777776,90.53960104399701,432.43034261046955,5.155555555555556,2.4116719545082446,0.09069590154591681,0.11095316553540968,0.14359714673913043,0.1432041217136402,72141976.69127016,431298481.7112762,0.027777777777777783,0.04374117516423475,0.9785585585585587,0.006824155010998541,45.5625,0.021476510067114093,0.1496523493705478
1069,0.1486001837701504,0.14025805258894927,2.606868535644655,0.8778507170823978,0.025604551920341393,0.9808004052684902,0.005832362889543529,0.12047434272797998,0.9667481698374153,0.0,0.0022740750110862005,0.0012151785260978325,0.12047434272797998,0.37172547293518,0.4779919244825486,0.31417195764742,364166.2172952955,6885389.810888987,0.8014386741114592,84737219.30524632,508364121.53307587,0.9722644376899696,0.012729794131309074,12.410410849245807,0.9856165396384193,0.01151591096504211,0.10594765943180261,8.001889687884017e-14,0.7780938833570412,0.5334281650071123,0.5,0.6839724199243987,0.8637332651158123,2.1316029578808084,90118.71364620088,0.5812882642011655,1.342222733309858,0.5551573419885628,0.20369981708319526,39.05555555555556,93.201875,460.40124790245073,2.717635355858559,0.873590973945704,206.13021944736522,212.1442277408394,0.01567059996938658,0.015647226173541973,0.016358463726884764,44.0,8.545454545454545,3.0305003459367965,0.022727272727272728,0.07355146666498338,6989.633255633255,12168.55526148484,0.5,0.22498852128662875,0.9758054711246199,0.009630907688757923,0.9312507461418145,26.400987666666666,114.36009986487193,44935.576666666675,250925.61157188241,269.37903647068117,1428.8429160746327,22.820833333333333,82.97478667385309,0.22499999999999998,0.4835257416696064,0.009707522514075457,0.005202856228306098,0.041251778093883355,0.19065603427527317,0.15690208610348733,0.02844950213371266,0.16631235868388586,0.019203413940256046,0.13728819422308033,0.9508763931104356,0.01981035553235591,43.0,1.1944444444444444,0.03058321479374111,3.0714285714285716,1.6854255666327542,2.0476190476190474,1.3219754338182867,36.0,1.0,0.0,2.0,0.49523809523809526,1406.0,0.0,36.0,35.0,267.5410754252505,0.9665653495440729,0.010121998044829593,0.9836474164133738,0.0033981789098058326,44935.35166666667,250925.6526415526,1657.256960200737,9183.31697346887,9.919361091714551,7.232412917828008,0.034350865119895706,0.08166345791877942,0.07894736842105263,0.025604551920341393,0.0007112375533428165,0.027777777777777776,37.10272610584517,158.62635005865332,7.655172413793103,3.1836339708932466,0.06222990395242012,0.13093197719818417,0.06948297674005682,0.12547130938935494,84737219.30524634,506680674.1615501,0.027777777777777776,0.039918928049520054,0.9822188449848023,0.0037491898916252606,60.130434782608695,0.016358463726884778,0.12047434272797997
316,0.010173131572419449,0.010937040934727135,3.217770244190649,0.957098939141178,0.05,0.986,0.002108185106778922,0.10627369308465985,0.971608158026804,0.0,0.0012005449146590902,0.00334362779230331,0.10627369308465985,0.5693985819126637,0.11119591028390037,0.11302432938093891,0.002026911341750442,0.005812643950314984,0.8149644822411206,0.03132542745507822,0.0854556162849337,0.975,0.007071067811865481,21.613876838945266,0.9983347921279919,0.0035522156306880743,0.10800842231695788,0.0,0.3535,0.0,0.5,0.6873077913133242,33.94240280055384,42.919854841530764,1.1058217717925634,20.85114911401692,33.16568217430029,0.5691182599061535,0.1144538555016907,20.0,0.16947696,0.21375185705044125,3.31912701774826,0.9570931716170978,0.974073927774552,1.5756691656785022,0.00483561088700446,0.0030000000000000027,0.009499999999999953,31.0,11.258064516129032,4.999784941611548,0.03225806451612902,0.12539682817411701,72974.30312432666,124171.68435597038,0.5,0.06842968850192394,0.983,0.006324555320336764,0.908134,0.07978307966999999,0.033450744554610376,0.49494386000000007,0.21812140679452033,0.04479152906,0.1419183192581284,0.017269899999999998,0.14144047122786893,-0.35276883,0.18467153007287196,0.004916919527049821,0.003010035255903362,0.0355,0.38791818737372225,0.06525080581851603,0.024,0.1530872883649373,0.019,0.1365588670210801,0.8019999999999999,0.039665266081716034,30.0,0.3,0.015,1.6666666666666667,0.8401680504168059,1.1111111111111112,0.32025630761017426,100.0,13.0,0.0,2.0,0.01616161616161616,2000.0,6.0,100.0,93.0,653.4280878481916,0.9734999999999999,0.009732534213770964,0.986,0.002108185106778922,0.8477126899999999,0.1646963474482106,0.139963840917667,0.10887649703549165,0.262325561232914,0.7484277381532727,0.06496888209838456,0.168913749541958,0.4335,0.05,0.023,0.46,0.033785501291666666,0.1525701504720621,10.459016393442623,4.948312070769868,0.05332112396665965,0.10162341969229009,0.06633069438319053,0.1406700790850169,0.03132542745507823,0.05927752515759117,0.01,0.021101859352401015,0.986,0.002108185106778922,70.08823529411765,0.01406702523789822,0.1066848655670195
